analysis_set,repeat,budget_pairs,design,setting,inner_folds,mean_inner_auprc
butyrate_assembly_2021,1,10,distributed,lambda=0.01,3,0.8055555555555555
butyrate_assembly_2021,1,10,distributed,lambda=0.1,3,0.8055555555555555
butyrate_assembly_2021,1,10,distributed,lambda=1,3,0.8055555555555555
butyrate_assembly_2021,1,10,distributed,lambda=10,3,0.8055555555555555
butyrate_assembly_2021,1,13,restricted,lambda=0.01,2,0.9375396825396825
butyrate_assembly_2021,1,13,restricted,lambda=0.1,2,0.9375396825396825
butyrate_assembly_2021,1,13,restricted,lambda=1,2,0.9375396825396825
butyrate_assembly_2021,1,13,restricted,lambda=10,2,0.9375396825396825
butyrate_assembly_2021,1,13,distributed,lambda=0.01,3,0.8791666666666665
butyrate_assembly_2021,1,13,distributed,lambda=0.1,3,0.8791666666666665
butyrate_assembly_2021,1,13,distributed,lambda=1,3,0.8791666666666665
butyrate_assembly_2021,1,13,distributed,lambda=10,3,0.8791666666666665
butyrate_assembly_2021,2,13,distributed,lambda=0.01,2,0.8472619047619048
butyrate_assembly_2021,2,13,distributed,lambda=0.1,2,0.8472619047619048
butyrate_assembly_2021,2,13,distributed,lambda=1,2,0.8472619047619048
butyrate_assembly_2021,2,13,distributed,lambda=10,2,0.8472619047619048
butyrate_assembly_2021,5,5,restricted,lambda=0.01,2,0.5
butyrate_assembly_2021,5,5,restricted,lambda=0.1,2,0.5
butyrate_assembly_2021,5,5,restricted,lambda=1,2,0.5
butyrate_assembly_2021,5,5,restricted,lambda=10,2,0.5
butyrate_assembly_2021,5,5,distributed,lambda=0.01,2,0.6666666666666666
butyrate_assembly_2021,5,5,distributed,lambda=0.1,2,0.6666666666666666
butyrate_assembly_2021,5,5,distributed,lambda=1,2,0.6666666666666666
butyrate_assembly_2021,5,5,distributed,lambda=10,2,0.6666666666666666
butyrate_assembly_2021,5,10,restricted,lambda=0.01,3,0.861111111111111
butyrate_assembly_2021,5,10,restricted,lambda=0.1,3,0.861111111111111
butyrate_assembly_2021,5,10,restricted,lambda=1,3,0.861111111111111
butyrate_assembly_2021,5,10,restricted,lambda=10,3,0.861111111111111
butyrate_assembly_2021,5,10,distributed,lambda=0.01,3,0.7407407407407408
butyrate_assembly_2021,5,10,distributed,lambda=0.1,3,0.7407407407407408
butyrate_assembly_2021,5,10,distributed,lambda=1,3,0.7407407407407408
butyrate_assembly_2021,5,10,distributed,lambda=10,3,0.7407407407407408
butyrate_assembly_2021,5,13,restricted,lambda=0.01,3,0.6222222222222221
butyrate_assembly_2021,5,13,restricted,lambda=0.1,3,0.6222222222222221
butyrate_assembly_2021,5,13,restricted,lambda=1,3,0.6407407407407407
butyrate_assembly_2021,5,13,restricted,lambda=10,3,0.7796296296296296
butyrate_assembly_2021,5,13,distributed,lambda=0.01,3,0.7425925925925926
butyrate_assembly_2021,5,13,distributed,lambda=0.1,3,0.7425925925925926
butyrate_assembly_2021,5,13,distributed,lambda=1,3,0.8074074074074074
butyrate_assembly_2021,5,13,distributed,lambda=10,3,0.8074074074074074
butyrate_assembly_2021,6,5,restricted,lambda=0.01,2,0.7916666666666666
butyrate_assembly_2021,6,5,restricted,lambda=0.1,2,0.7916666666666666
butyrate_assembly_2021,6,5,restricted,lambda=1,2,0.7916666666666666
butyrate_assembly_2021,6,5,restricted,lambda=10,2,0.7916666666666666
butyrate_assembly_2021,6,5,distributed,lambda=0.01,2,0.7916666666666666
butyrate_assembly_2021,6,5,distributed,lambda=0.1,2,0.7916666666666666
butyrate_assembly_2021,6,5,distributed,lambda=1,2,0.7916666666666666
butyrate_assembly_2021,6,5,distributed,lambda=10,2,0.7916666666666666
butyrate_assembly_2021,6,10,restricted,lambda=0.01,3,0.6851851851851851
butyrate_assembly_2021,6,10,restricted,lambda=0.1,3,0.6851851851851851
butyrate_assembly_2021,6,10,restricted,lambda=1,3,0.6851851851851851
butyrate_assembly_2021,6,10,restricted,lambda=10,3,0.6851851851851851
butyrate_assembly_2021,6,10,distributed,lambda=0.01,3,0.8055555555555555
butyrate_assembly_2021,6,10,distributed,lambda=0.1,3,0.8055555555555555
butyrate_assembly_2021,6,10,distributed,lambda=1,3,0.8055555555555555
butyrate_assembly_2021,6,10,distributed,lambda=10,3,0.8055555555555555
butyrate_assembly_2021,6,13,restricted,lambda=0.01,3,0.8166666666666665
butyrate_assembly_2021,6,13,restricted,lambda=0.1,3,0.8444444444444444
butyrate_assembly_2021,6,13,restricted,lambda=1,3,0.8444444444444444
butyrate_assembly_2021,6,13,restricted,lambda=10,3,0.8166666666666665
butyrate_assembly_2021,6,13,distributed,lambda=0.01,3,0.8351851851851851
butyrate_assembly_2021,6,13,distributed,lambda=0.1,3,0.8351851851851851
butyrate_assembly_2021,6,13,distributed,lambda=1,3,0.8351851851851851
butyrate_assembly_2021,6,13,distributed,lambda=10,3,0.8351851851851851
butyrate_assembly_2021,7,5,restricted,lambda=0.01,2,0.75
butyrate_assembly_2021,7,5,restricted,lambda=0.1,2,0.75
butyrate_assembly_2021,7,5,restricted,lambda=1,2,0.75
butyrate_assembly_2021,7,5,restricted,lambda=10,2,0.75
butyrate_assembly_2021,7,10,restricted,lambda=0.01,3,1.0
butyrate_assembly_2021,7,10,restricted,lambda=0.1,3,1.0
butyrate_assembly_2021,7,10,restricted,lambda=1,3,1.0
butyrate_assembly_2021,7,10,restricted,lambda=10,3,0.861111111111111
butyrate_assembly_2021,7,10,distributed,lambda=0.01,3,0.8796296296296297
butyrate_assembly_2021,7,10,distributed,lambda=0.1,3,0.8796296296296297
butyrate_assembly_2021,7,10,distributed,lambda=1,3,0.8796296296296297
butyrate_assembly_2021,7,10,distributed,lambda=10,3,0.8796296296296297
butyrate_assembly_2021,7,13,restricted,lambda=0.01,3,0.9555555555555556
butyrate_assembly_2021,7,13,restricted,lambda=0.1,3,0.9555555555555556
butyrate_assembly_2021,7,13,restricted,lambda=1,3,0.9555555555555556
butyrate_assembly_2021,7,13,restricted,lambda=10,3,0.862962962962963
butyrate_assembly_2021,7,13,distributed,lambda=0.01,3,0.8055555555555555
butyrate_assembly_2021,7,13,distributed,lambda=0.1,3,0.8055555555555555
butyrate_assembly_2021,7,13,distributed,lambda=1,3,0.861111111111111
butyrate_assembly_2021,7,13,distributed,lambda=10,3,0.8796296296296297
butyrate_assembly_2021,8,5,restricted,lambda=0.01,2,1.0
butyrate_assembly_2021,8,5,restricted,lambda=0.1,2,1.0
butyrate_assembly_2021,8,5,restricted,lambda=1,2,1.0
butyrate_assembly_2021,8,5,restricted,lambda=10,2,1.0
butyrate_assembly_2021,8,5,distributed,lambda=0.01,2,1.0
butyrate_assembly_2021,8,5,distributed,lambda=0.1,2,1.0
butyrate_assembly_2021,8,5,distributed,lambda=1,2,1.0
butyrate_assembly_2021,8,5,distributed,lambda=10,2,1.0
butyrate_assembly_2021,8,10,restricted,lambda=0.01,3,1.0
butyrate_assembly_2021,8,10,restricted,lambda=0.1,3,1.0
butyrate_assembly_2021,8,10,restricted,lambda=1,3,1.0
butyrate_assembly_2021,8,10,restricted,lambda=10,3,1.0
butyrate_assembly_2021,8,10,distributed,lambda=0.01,3,0.8055555555555555
butyrate_assembly_2021,8,10,distributed,lambda=0.1,3,0.861111111111111
butyrate_assembly_2021,8,10,distributed,lambda=1,3,0.861111111111111
butyrate_assembly_2021,8,10,distributed,lambda=10,3,0.861111111111111
butyrate_assembly_2021,8,13,restricted,lambda=0.01,3,0.9166666666666666
butyrate_assembly_2021,8,13,restricted,lambda=0.1,3,0.9444444444444443
butyrate_assembly_2021,8,13,restricted,lambda=1,3,0.8333333333333334
butyrate_assembly_2021,8,13,restricted,lambda=10,3,0.8518518518518517
butyrate_assembly_2021,8,13,distributed,lambda=0.01,3,0.8722222222222221
butyrate_assembly_2021,8,13,distributed,lambda=0.1,3,0.9
butyrate_assembly_2021,8,13,distributed,lambda=1,3,0.825925925925926
butyrate_assembly_2021,8,13,distributed,lambda=10,3,0.8444444444444444
butyrate_assembly_2021,10,5,restricted,lambda=0.01,2,1.0
butyrate_assembly_2021,10,5,restricted,lambda=0.1,2,1.0
butyrate_assembly_2021,10,5,restricted,lambda=1,2,1.0
butyrate_assembly_2021,10,5,restricted,lambda=10,2,1.0
butyrate_assembly_2021,10,10,restricted,lambda=0.01,2,0.94375
butyrate_assembly_2021,10,10,restricted,lambda=0.1,2,0.94375
butyrate_assembly_2021,10,10,restricted,lambda=1,2,0.94375
butyrate_assembly_2021,10,10,restricted,lambda=10,2,0.94375
butyrate_assembly_2021,10,10,distributed,lambda=0.01,3,0.8055555555555555
butyrate_assembly_2021,10,10,distributed,lambda=0.1,3,0.8055555555555555
butyrate_assembly_2021,10,10,distributed,lambda=1,3,0.8055555555555555
butyrate_assembly_2021,10,10,distributed,lambda=10,3,0.8055555555555555
butyrate_assembly_2021,10,13,restricted,lambda=0.01,3,0.8518518518518517
butyrate_assembly_2021,10,13,restricted,lambda=0.1,3,0.8518518518518517
butyrate_assembly_2021,10,13,restricted,lambda=1,3,0.8518518518518517
butyrate_assembly_2021,10,13,restricted,lambda=10,3,0.8518518518518517
butyrate_assembly_2021,10,13,distributed,lambda=0.01,3,0.8282407407407408
butyrate_assembly_2021,10,13,distributed,lambda=0.1,3,0.8282407407407408
butyrate_assembly_2021,10,13,distributed,lambda=1,3,0.8282407407407408
butyrate_assembly_2021,10,13,distributed,lambda=10,3,0.8282407407407408
butyrate_assembly_2021,11,10,restricted,lambda=0.01,3,0.7222222222222222
butyrate_assembly_2021,11,10,restricted,lambda=0.1,3,0.7222222222222222
butyrate_assembly_2021,11,10,restricted,lambda=1,3,0.7222222222222222
butyrate_assembly_2021,11,10,restricted,lambda=10,3,0.7222222222222222
butyrate_assembly_2021,11,10,distributed,lambda=0.01,3,0.8333333333333334
butyrate_assembly_2021,11,10,distributed,lambda=0.1,3,0.75
butyrate_assembly_2021,11,10,distributed,lambda=1,3,0.75
butyrate_assembly_2021,11,10,distributed,lambda=10,3,0.8055555555555555
butyrate_assembly_2021,11,13,restricted,lambda=0.01,3,0.9722222222222222
butyrate_assembly_2021,11,13,restricted,lambda=0.1,3,0.9722222222222222
butyrate_assembly_2021,11,13,restricted,lambda=1,3,0.9722222222222222
butyrate_assembly_2021,11,13,restricted,lambda=10,3,0.7962962962962963
butyrate_assembly_2021,11,13,distributed,lambda=0.01,3,0.861111111111111
butyrate_assembly_2021,11,13,distributed,lambda=0.1,3,0.6944444444444443
butyrate_assembly_2021,11,13,distributed,lambda=1,3,0.6296296296296297
butyrate_assembly_2021,11,13,distributed,lambda=10,3,0.6296296296296297
butyrate_assembly_2021,12,5,restricted,lambda=0.01,2,0.75
butyrate_assembly_2021,12,5,restricted,lambda=0.1,2,0.75
butyrate_assembly_2021,12,5,restricted,lambda=1,2,0.75
butyrate_assembly_2021,12,5,restricted,lambda=10,2,0.75
butyrate_assembly_2021,12,5,distributed,lambda=0.01,2,0.75
butyrate_assembly_2021,12,5,distributed,lambda=0.1,2,0.75
butyrate_assembly_2021,12,5,distributed,lambda=1,2,0.75
butyrate_assembly_2021,12,5,distributed,lambda=10,2,0.75
butyrate_assembly_2021,12,10,restricted,lambda=0.01,3,0.3611111111111111
butyrate_assembly_2021,12,10,restricted,lambda=0.1,3,0.3611111111111111
butyrate_assembly_2021,12,10,restricted,lambda=1,3,0.6388888888888888
butyrate_assembly_2021,12,10,restricted,lambda=10,3,0.6388888888888888
butyrate_assembly_2021,12,10,distributed,lambda=0.01,3,0.8055555555555555
butyrate_assembly_2021,12,10,distributed,lambda=0.1,3,0.8055555555555555
butyrate_assembly_2021,12,10,distributed,lambda=1,3,0.861111111111111
butyrate_assembly_2021,12,10,distributed,lambda=10,3,0.861111111111111
butyrate_assembly_2021,12,13,restricted,lambda=0.01,3,0.8444444444444444
butyrate_assembly_2021,12,13,restricted,lambda=0.1,3,0.9
butyrate_assembly_2021,12,13,restricted,lambda=1,3,0.8166666666666668
butyrate_assembly_2021,12,13,restricted,lambda=10,3,0.8055555555555555
butyrate_assembly_2021,12,13,distributed,lambda=0.01,3,0.8722222222222221
butyrate_assembly_2021,12,13,distributed,lambda=0.1,3,0.8722222222222221
butyrate_assembly_2021,12,13,distributed,lambda=1,3,0.8518518518518517
butyrate_assembly_2021,12,13,distributed,lambda=10,3,0.7962962962962963
butyrate_assembly_2021,13,5,restricted,lambda=0.01,2,0.9166666666666666
butyrate_assembly_2021,13,5,restricted,lambda=0.1,2,0.9166666666666666
butyrate_assembly_2021,13,5,restricted,lambda=1,2,0.9166666666666666
butyrate_assembly_2021,13,5,restricted,lambda=10,2,0.9166666666666666
butyrate_assembly_2021,13,5,distributed,lambda=0.01,2,0.41666666666666663
butyrate_assembly_2021,13,5,distributed,lambda=0.1,2,0.41666666666666663
butyrate_assembly_2021,13,5,distributed,lambda=1,2,0.41666666666666663
butyrate_assembly_2021,13,5,distributed,lambda=10,2,0.41666666666666663
butyrate_assembly_2021,13,10,restricted,lambda=0.01,3,0.9444444444444443
butyrate_assembly_2021,13,10,restricted,lambda=0.1,3,0.9444444444444443
butyrate_assembly_2021,13,10,restricted,lambda=1,3,0.9444444444444443
butyrate_assembly_2021,13,10,restricted,lambda=10,3,1.0
butyrate_assembly_2021,13,10,distributed,lambda=0.01,3,0.861111111111111
butyrate_assembly_2021,13,10,distributed,lambda=0.1,3,0.861111111111111
butyrate_assembly_2021,13,10,distributed,lambda=1,3,0.861111111111111
butyrate_assembly_2021,13,10,distributed,lambda=10,3,0.861111111111111
butyrate_assembly_2021,13,13,restricted,lambda=0.01,3,1.0
butyrate_assembly_2021,13,13,restricted,lambda=0.1,3,1.0
butyrate_assembly_2021,13,13,restricted,lambda=1,3,0.9444444444444443
butyrate_assembly_2021,13,13,restricted,lambda=10,3,0.9444444444444443
butyrate_assembly_2021,13,13,distributed,lambda=0.01,3,0.75
butyrate_assembly_2021,13,13,distributed,lambda=0.1,3,0.75
butyrate_assembly_2021,13,13,distributed,lambda=1,3,0.8055555555555557
butyrate_assembly_2021,13,13,distributed,lambda=10,3,0.7870370370370369
butyrate_assembly_2021,14,5,restricted,lambda=0.01,2,0.9166666666666666
butyrate_assembly_2021,14,5,restricted,lambda=0.1,2,0.9166666666666666
butyrate_assembly_2021,14,5,restricted,lambda=1,2,0.9166666666666666
butyrate_assembly_2021,14,5,restricted,lambda=10,2,0.9166666666666666
butyrate_assembly_2021,14,5,distributed,lambda=0.01,2,1.0
butyrate_assembly_2021,14,5,distributed,lambda=0.1,2,1.0
butyrate_assembly_2021,14,5,distributed,lambda=1,2,1.0
butyrate_assembly_2021,14,5,distributed,lambda=10,2,1.0
butyrate_assembly_2021,14,10,restricted,lambda=0.01,3,0.8796296296296297
butyrate_assembly_2021,14,10,restricted,lambda=0.1,3,0.8796296296296297
butyrate_assembly_2021,14,10,restricted,lambda=1,3,0.8796296296296297
butyrate_assembly_2021,14,10,restricted,lambda=10,3,0.8796296296296297
butyrate_assembly_2021,14,10,distributed,lambda=0.01,3,0.8796296296296297
butyrate_assembly_2021,14,10,distributed,lambda=0.1,3,0.8796296296296297
butyrate_assembly_2021,14,10,distributed,lambda=1,3,0.8796296296296297
butyrate_assembly_2021,14,10,distributed,lambda=10,3,0.8796296296296297
butyrate_assembly_2021,14,13,restricted,lambda=0.01,3,0.8351851851851851
butyrate_assembly_2021,14,13,restricted,lambda=0.1,3,0.8351851851851851
butyrate_assembly_2021,14,13,restricted,lambda=1,3,0.7703703703703703
butyrate_assembly_2021,14,13,restricted,lambda=10,3,0.8351851851851851
butyrate_assembly_2021,14,13,distributed,lambda=0.01,3,0.9074074074074074
butyrate_assembly_2021,14,13,distributed,lambda=0.1,3,0.8703703703703703
butyrate_assembly_2021,14,13,distributed,lambda=1,3,0.8703703703703703
butyrate_assembly_2021,14,13,distributed,lambda=10,3,0.9351851851851851
butyrate_assembly_2021,15,5,restricted,lambda=0.01,2,0.7916666666666666
butyrate_assembly_2021,15,5,restricted,lambda=0.1,2,0.7916666666666666
butyrate_assembly_2021,15,5,restricted,lambda=1,2,0.7916666666666666
butyrate_assembly_2021,15,5,restricted,lambda=10,2,0.7916666666666666
butyrate_assembly_2021,15,10,restricted,lambda=0.01,3,0.75
butyrate_assembly_2021,15,10,restricted,lambda=0.1,3,0.6666666666666666
butyrate_assembly_2021,15,10,restricted,lambda=1,3,0.5833333333333333
butyrate_assembly_2021,15,10,restricted,lambda=10,3,0.7222222222222222
butyrate_assembly_2021,15,10,distributed,lambda=0.01,3,0.9444444444444443
butyrate_assembly_2021,15,10,distributed,lambda=0.1,3,0.9444444444444443
butyrate_assembly_2021,15,10,distributed,lambda=1,3,0.9444444444444443
butyrate_assembly_2021,15,10,distributed,lambda=10,3,0.9444444444444443
butyrate_assembly_2021,15,13,restricted,lambda=0.01,3,0.6944444444444443
butyrate_assembly_2021,15,13,restricted,lambda=0.1,3,0.6944444444444443
butyrate_assembly_2021,15,13,restricted,lambda=1,3,0.6388888888888888
butyrate_assembly_2021,15,13,restricted,lambda=10,3,0.7592592592592592
butyrate_assembly_2021,15,13,distributed,lambda=0.01,3,0.9722222222222222
butyrate_assembly_2021,15,13,distributed,lambda=0.1,3,0.9722222222222222
butyrate_assembly_2021,15,13,distributed,lambda=1,3,1.0
butyrate_assembly_2021,15,13,distributed,lambda=10,3,0.7962962962962963
butyrate_assembly_2021,16,5,distributed,lambda=0.01,2,1.0
butyrate_assembly_2021,16,5,distributed,lambda=0.1,2,1.0
butyrate_assembly_2021,16,5,distributed,lambda=1,2,1.0
butyrate_assembly_2021,16,5,distributed,lambda=10,2,1.0
butyrate_assembly_2021,16,10,distributed,lambda=0.01,3,0.9444444444444443
butyrate_assembly_2021,16,10,distributed,lambda=0.1,3,0.9444444444444443
butyrate_assembly_2021,16,10,distributed,lambda=1,3,0.9444444444444443
butyrate_assembly_2021,16,10,distributed,lambda=10,3,0.9444444444444443
butyrate_assembly_2021,16,13,distributed,lambda=0.01,3,0.9347222222222221
butyrate_assembly_2021,16,13,distributed,lambda=0.1,3,0.9347222222222221
butyrate_assembly_2021,16,13,distributed,lambda=1,3,0.9347222222222221
butyrate_assembly_2021,16,13,distributed,lambda=10,3,0.9347222222222221
butyrate_assembly_2021,17,5,distributed,lambda=0.01,2,0.75
butyrate_assembly_2021,17,5,distributed,lambda=0.1,2,0.75
butyrate_assembly_2021,17,5,distributed,lambda=1,2,0.75
butyrate_assembly_2021,17,5,distributed,lambda=10,2,0.75
butyrate_assembly_2021,17,10,restricted,lambda=0.01,2,0.8395833333333333
butyrate_assembly_2021,17,10,restricted,lambda=0.1,2,0.8395833333333333
butyrate_assembly_2021,17,10,restricted,lambda=1,2,0.8395833333333333
butyrate_assembly_2021,17,10,restricted,lambda=10,2,0.8395833333333333
butyrate_assembly_2021,17,10,distributed,lambda=0.01,3,0.8333333333333334
butyrate_assembly_2021,17,10,distributed,lambda=0.1,3,0.8333333333333334
butyrate_assembly_2021,17,10,distributed,lambda=1,3,0.8333333333333334
butyrate_assembly_2021,17,10,distributed,lambda=10,3,0.8333333333333334
butyrate_assembly_2021,17,13,restricted,lambda=0.01,2,0.8125396825396825
butyrate_assembly_2021,17,13,restricted,lambda=0.1,2,0.8125396825396825
butyrate_assembly_2021,17,13,restricted,lambda=1,2,0.8125396825396825
butyrate_assembly_2021,17,13,restricted,lambda=10,2,0.8125396825396825
butyrate_assembly_2021,17,13,distributed,lambda=0.01,3,0.9074074074074074
butyrate_assembly_2021,17,13,distributed,lambda=0.1,3,0.8703703703703703
butyrate_assembly_2021,17,13,distributed,lambda=1,3,0.8703703703703703
butyrate_assembly_2021,17,13,distributed,lambda=10,3,0.8148148148148149
butyrate_assembly_2021,18,13,restricted,lambda=0.01,3,0.8374999999999999
butyrate_assembly_2021,18,13,restricted,lambda=0.1,3,0.8374999999999999
butyrate_assembly_2021,18,13,restricted,lambda=1,3,0.8374999999999999
butyrate_assembly_2021,18,13,restricted,lambda=10,3,0.8374999999999999
butyrate_assembly_2021,20,10,restricted,lambda=0.01,3,0.7777777777777777
butyrate_assembly_2021,20,10,restricted,lambda=0.1,3,0.7777777777777777
butyrate_assembly_2021,20,10,restricted,lambda=1,3,0.7777777777777777
butyrate_assembly_2021,20,10,restricted,lambda=10,3,0.7777777777777777
butyrate_assembly_2021,20,10,distributed,lambda=0.01,3,0.8888888888888888
butyrate_assembly_2021,20,10,distributed,lambda=0.1,3,0.8888888888888888
butyrate_assembly_2021,20,10,distributed,lambda=1,3,0.8888888888888888
butyrate_assembly_2021,20,10,distributed,lambda=10,3,0.8333333333333334
butyrate_assembly_2021,20,13,restricted,lambda=0.01,3,0.7078703703703703
butyrate_assembly_2021,20,13,restricted,lambda=0.1,3,0.7078703703703703
butyrate_assembly_2021,20,13,restricted,lambda=1,3,0.7078703703703703
butyrate_assembly_2021,20,13,restricted,lambda=10,3,0.7078703703703703
butyrate_assembly_2021,20,13,distributed,lambda=0.01,3,0.8722222222222221
butyrate_assembly_2021,20,13,distributed,lambda=0.1,3,0.8722222222222221
butyrate_assembly_2021,20,13,distributed,lambda=1,3,0.8722222222222221
butyrate_assembly_2021,20,13,distributed,lambda=10,3,0.8351851851851851
