analysis_set,budget_pairs,method,partitions,mean_auprc,sd_auprc,mean_auroc,sd_auroc,mean_test_pairs,fallback_rate,mean_training_interactions,mean_test_taxon_coverage
butyrate_assembly_2021,5,Fixed mean,17,0.7358133131481025,0.20418267816072397,0.5116278329513624,0.2177740452890527,16.705882352941178,,,
butyrate_assembly_2021,5,LENS distributed,17,0.7358133131481025,0.20418267816072397,0.5116278329513624,0.2177740452890527,16.705882352941178,1.0,3.588235294117647,0.27483660130718957
butyrate_assembly_2021,5,LENS restricted,17,0.7358133131481025,0.20418267816072397,0.5116278329513624,0.2177740452890527,16.705882352941178,1.0,3.7058823529411766,0.0
butyrate_assembly_2021,5,OneNet,17,0.7548015211159496,0.16022921130621562,0.4784087000031272,0.23386952039615203,16.705882352941178,,,
butyrate_assembly_2021,5,PLNNetwork,17,0.7277567851056351,0.1920464856549591,0.4381687842601155,0.24507336400258528,16.705882352941178,,,
butyrate_assembly_2021,5,Poisson GLMNet,17,0.7142301351346024,0.18675083384067245,0.4561496488547572,0.19152261595559095,16.705882352941178,,,
butyrate_assembly_2021,5,SPIEC-EASI,17,0.7070369304097379,0.19838314179809607,0.5026737967914439,0.007547854138125805,16.705882352941178,,,
butyrate_assembly_2021,5,SparCC,17,0.7925773176898,0.1830998757888209,0.5652131666063555,0.21560469044848235,16.705882352941178,,,
butyrate_assembly_2021,10,Fixed mean,17,0.7358133131481025,0.20418267816072397,0.5116278329513624,0.2177740452890527,16.705882352941178,,,
butyrate_assembly_2021,10,LENS distributed,17,0.7506838719701818,0.16583062289793407,0.500996530988791,0.18366506633904156,16.705882352941178,0.17647058823529413,7.117647058823529,0.4140522875816993
butyrate_assembly_2021,10,LENS restricted,17,0.7379606964408227,0.20883866122751832,0.5037201962124563,0.20227029606662805,16.705882352941178,0.4117647058823529,7.176470588235294,0.0
butyrate_assembly_2021,10,OneNet,17,0.7548015211159496,0.16022921130621562,0.4784087000031272,0.23386952039615203,16.705882352941178,,,
butyrate_assembly_2021,10,PLNNetwork,17,0.7277567851056351,0.1920464856549591,0.4381687842601155,0.24507336400258528,16.705882352941178,,,
butyrate_assembly_2021,10,Poisson GLMNet,17,0.7142301351346024,0.18675083384067245,0.4561496488547572,0.19152261595559095,16.705882352941178,,,
butyrate_assembly_2021,10,SPIEC-EASI,17,0.7070369304097379,0.19838314179809607,0.5026737967914439,0.007547854138125805,16.705882352941178,,,
butyrate_assembly_2021,10,SparCC,17,0.7925773176898,0.1830998757888209,0.5652131666063555,0.21560469044848235,16.705882352941178,,,
butyrate_assembly_2021,13,Fixed mean,17,0.7358133131481025,0.20418267816072397,0.5116278329513624,0.2177740452890527,16.705882352941178,,,
butyrate_assembly_2021,13,LENS distributed,17,0.7446119394592988,0.1723501581496001,0.4912881021627152,0.1908432254001639,16.705882352941178,0.17647058823529413,9.235294117647058,0.4638888888888889
butyrate_assembly_2021,13,LENS restricted,17,0.720905436757153,0.19966415638543278,0.47685892538833713,0.21578606672189138,16.705882352941178,0.29411764705882354,9.588235294117647,0.0
butyrate_assembly_2021,13,OneNet,17,0.7548015211159496,0.16022921130621562,0.4784087000031272,0.23386952039615203,16.705882352941178,,,
butyrate_assembly_2021,13,PLNNetwork,17,0.7277567851056351,0.1920464856549591,0.4381687842601155,0.24507336400258528,16.705882352941178,,,
butyrate_assembly_2021,13,Poisson GLMNet,17,0.7142301351346024,0.18675083384067245,0.4561496488547572,0.19152261595559095,16.705882352941178,,,
butyrate_assembly_2021,13,SPIEC-EASI,17,0.7070369304097379,0.19838314179809607,0.5026737967914439,0.007547854138125805,16.705882352941178,,,
butyrate_assembly_2021,13,SparCC,17,0.7925773176898,0.1830998757888209,0.5652131666063555,0.21560469044848235,16.705882352941178,,,
carlstrom_phyllosphere_2019,5,Fixed mean,20,0.1368899864915221,0.043518758302540254,0.4673061341145045,0.04413261022821242,168.2,,,
carlstrom_phyllosphere_2019,5,LENS distributed,20,0.1368899864915221,0.043518758302540254,0.4673061341145045,0.04413261022821242,168.2,1.0,0.8,0.12727272727272723
carlstrom_phyllosphere_2019,5,LENS restricted,20,0.1368899864915221,0.043518758302540254,0.4673061341145045,0.04413261022821242,168.2,1.0,0.7,0.0
carlstrom_phyllosphere_2019,5,OneNet,20,0.1251351312679602,0.042632440407414415,0.4498035330672162,0.05453324832136571,168.2,,,
carlstrom_phyllosphere_2019,5,PLNNetwork,20,0.12584234551027715,0.04152695504727215,0.5,0.0,168.2,,,
carlstrom_phyllosphere_2019,5,Poisson GLMNet,20,0.14165810168680815,0.049303173036628796,0.5125676273225426,0.02270736432864363,168.2,,,
carlstrom_phyllosphere_2019,5,SPIEC-EASI,20,0.1328777804264047,0.04166328000394556,0.5011871399780865,0.01658436710939416,168.2,,,
carlstrom_phyllosphere_2019,5,SparCC,20,0.12262046589203353,0.03212511512984597,0.4524829253731074,0.0449555055546275,168.2,,,
carlstrom_phyllosphere_2019,10,Fixed mean,20,0.1368899864915221,0.043518758302540254,0.4673061341145045,0.04413261022821242,168.2,,,
carlstrom_phyllosphere_2019,10,LENS distributed,20,0.13507353395605332,0.043262184091583,0.463485961740873,0.04559300457973507,168.2,0.95,1.35,0.22499999999999995
carlstrom_phyllosphere_2019,10,LENS restricted,20,0.1401399282548202,0.04255176476612603,0.4720136676510475,0.05487252200259149,168.2,0.75,1.3,0.0
carlstrom_phyllosphere_2019,10,OneNet,20,0.1251351312679602,0.042632440407414415,0.4498035330672162,0.05453324832136571,168.2,,,
carlstrom_phyllosphere_2019,10,PLNNetwork,20,0.12584234551027715,0.04152695504727215,0.5,0.0,168.2,,,
carlstrom_phyllosphere_2019,10,Poisson GLMNet,20,0.14165810168680815,0.049303173036628796,0.5125676273225426,0.02270736432864363,168.2,,,
carlstrom_phyllosphere_2019,10,SPIEC-EASI,20,0.1328777804264047,0.04166328000394556,0.5011871399780865,0.01658436710939416,168.2,,,
carlstrom_phyllosphere_2019,10,SparCC,20,0.12262046589203353,0.03212511512984597,0.4524829253731074,0.0449555055546275,168.2,,,
carlstrom_phyllosphere_2019,20,Fixed mean,20,0.1368899864915221,0.043518758302540254,0.4673061341145045,0.04413261022821242,168.2,,,
carlstrom_phyllosphere_2019,20,LENS distributed,20,0.13989270557617056,0.039907359041372804,0.48116442487772054,0.05686259264291342,168.2,0.55,2.5,0.39545454545454545
carlstrom_phyllosphere_2019,20,LENS restricted,20,0.1527896000565367,0.05257563997929486,0.4871367508690881,0.07090578347702144,168.2,0.6,2.5,0.0
carlstrom_phyllosphere_2019,20,OneNet,20,0.1251351312679602,0.042632440407414415,0.4498035330672162,0.05453324832136571,168.2,,,
carlstrom_phyllosphere_2019,20,PLNNetwork,20,0.12584234551027715,0.04152695504727215,0.5,0.0,168.2,,,
carlstrom_phyllosphere_2019,20,Poisson GLMNet,20,0.14165810168680815,0.049303173036628796,0.5125676273225426,0.02270736432864363,168.2,,,
carlstrom_phyllosphere_2019,20,SPIEC-EASI,20,0.1328777804264047,0.04166328000394556,0.5011871399780865,0.01658436710939416,168.2,,,
carlstrom_phyllosphere_2019,20,SparCC,20,0.12262046589203353,0.03212511512984597,0.4524829253731074,0.0449555055546275,168.2,,,
carlstrom_phyllosphere_2019,50,Fixed mean,20,0.1368899864915221,0.043518758302540254,0.4673061341145045,0.04413261022821242,168.2,,,
carlstrom_phyllosphere_2019,50,LENS distributed,20,0.18192360496730908,0.07613997177329197,0.5531623376889445,0.0969166000501741,168.2,0.05,6.2,0.7113636363636363
carlstrom_phyllosphere_2019,50,LENS restricted,20,0.18631566953121168,0.07230351822065934,0.5320646410427042,0.10412175378528404,168.2,0.05,6.05,0.0
carlstrom_phyllosphere_2019,50,OneNet,20,0.1251351312679602,0.042632440407414415,0.4498035330672162,0.05453324832136571,168.2,,,
carlstrom_phyllosphere_2019,50,PLNNetwork,20,0.12584234551027715,0.04152695504727215,0.5,0.0,168.2,,,
carlstrom_phyllosphere_2019,50,Poisson GLMNet,20,0.14165810168680815,0.049303173036628796,0.5125676273225426,0.02270736432864363,168.2,,,
carlstrom_phyllosphere_2019,50,SPIEC-EASI,20,0.1328777804264047,0.04166328000394556,0.5011871399780865,0.01658436710939416,168.2,,,
carlstrom_phyllosphere_2019,50,SparCC,20,0.12262046589203353,0.03212511512984597,0.4524829253731074,0.0449555055546275,168.2,,,
carlstrom_phyllosphere_2019,100,Fixed mean,20,0.1368899864915221,0.043518758302540254,0.4673061341145045,0.04413261022821242,168.2,,,
carlstrom_phyllosphere_2019,100,LENS distributed,20,0.19671440758354625,0.07970775634885144,0.5852352336905781,0.08645128697943441,168.2,0.0,11.85,0.8818181818181818
carlstrom_phyllosphere_2019,100,LENS restricted,20,0.18177318767184733,0.0645519890047399,0.5537040110817186,0.10483885208639854,168.2,0.0,12.5,0.0
carlstrom_phyllosphere_2019,100,OneNet,20,0.1251351312679602,0.042632440407414415,0.4498035330672162,0.05453324832136571,168.2,,,
carlstrom_phyllosphere_2019,100,PLNNetwork,20,0.12584234551027715,0.04152695504727215,0.5,0.0,168.2,,,
carlstrom_phyllosphere_2019,100,Poisson GLMNet,20,0.14165810168680815,0.049303173036628796,0.5125676273225426,0.02270736432864363,168.2,,,
carlstrom_phyllosphere_2019,100,SPIEC-EASI,20,0.1328777804264047,0.04166328000394556,0.5011871399780865,0.01658436710939416,168.2,,,
carlstrom_phyllosphere_2019,100,SparCC,20,0.12262046589203353,0.03212511512984597,0.4524829253731074,0.0449555055546275,168.2,,,
carlstrom_phyllosphere_2019,200,Fixed mean,20,0.1368899864915221,0.043518758302540254,0.4673061341145045,0.04413261022821242,168.2,,,
carlstrom_phyllosphere_2019,200,LENS distributed,20,0.21962381976669168,0.07595302676845496,0.6186192157418593,0.08793801690618522,168.2,0.0,25.5,0.9840909090909091
carlstrom_phyllosphere_2019,200,LENS restricted,20,0.207973841296077,0.07110279782475705,0.6069086502180597,0.0817647499108628,168.2,0.0,23.95,0.0
carlstrom_phyllosphere_2019,200,OneNet,20,0.1251351312679602,0.042632440407414415,0.4498035330672162,0.05453324832136571,168.2,,,
carlstrom_phyllosphere_2019,200,PLNNetwork,20,0.12584234551027715,0.04152695504727215,0.5,0.0,168.2,,,
carlstrom_phyllosphere_2019,200,Poisson GLMNet,20,0.14165810168680815,0.049303173036628796,0.5125676273225426,0.02270736432864363,168.2,,,
carlstrom_phyllosphere_2019,200,SPIEC-EASI,20,0.1328777804264047,0.04166328000394556,0.5011871399780865,0.01658436710939416,168.2,,,
carlstrom_phyllosphere_2019,200,SparCC,20,0.12262046589203353,0.03212511512984597,0.4524829253731074,0.0449555055546275,168.2,,,
carlstrom_phyllosphere_2019,275,Fixed mean,20,0.1368899864915221,0.043518758302540254,0.4673061341145045,0.04413261022821242,168.2,,,
carlstrom_phyllosphere_2019,275,LENS distributed,20,0.23200183152862625,0.08136877178412358,0.6433984458569564,0.08814868125079589,168.2,0.0,35.3,0.9954545454545455
carlstrom_phyllosphere_2019,275,LENS restricted,20,0.21111756171916235,0.06746827713848544,0.6204303114008927,0.08098630918265026,168.2,0.0,32.1,0.0
carlstrom_phyllosphere_2019,275,OneNet,20,0.1251351312679602,0.042632440407414415,0.4498035330672162,0.05453324832136571,168.2,,,
carlstrom_phyllosphere_2019,275,PLNNetwork,20,0.12584234551027715,0.04152695504727215,0.5,0.0,168.2,,,
carlstrom_phyllosphere_2019,275,Poisson GLMNet,20,0.14165810168680815,0.049303173036628796,0.5125676273225426,0.02270736432864363,168.2,,,
carlstrom_phyllosphere_2019,275,SPIEC-EASI,20,0.1328777804264047,0.04166328000394556,0.5011871399780865,0.01658436710939416,168.2,,,
carlstrom_phyllosphere_2019,275,SparCC,20,0.12262046589203353,0.03212511512984597,0.4524829253731074,0.0449555055546275,168.2,,,
schafer_phyllosphere_2022,5,Fixed mean,20,0.2963561416512851,0.09329055152981486,0.9068318828264269,0.039517982597400955,255.15,,,
schafer_phyllosphere_2022,5,LENS distributed,20,0.2963561416512851,0.09329055152981486,0.9068318828264269,0.039517982597400955,255.15,1.0,0.0,0.052941176470588235
schafer_phyllosphere_2022,5,LENS restricted,20,0.2963561416512851,0.09329055152981486,0.9068318828264269,0.039517982597400955,255.15,1.0,0.05,0.0
schafer_phyllosphere_2022,5,OneNet,20,0.2132674098837884,0.1760631701649478,0.8371928087689662,0.10819988233969728,255.15,,,
schafer_phyllosphere_2022,5,PLNNetwork,20,0.1365618820941636,0.0780302895518384,0.6417341607695988,0.09360811453828383,255.15,,,
schafer_phyllosphere_2022,5,Poisson GLMNet,20,0.2041479647736467,0.19418432644268446,0.6409145409291043,0.13108786525756214,255.15,,,
schafer_phyllosphere_2022,5,SPIEC-EASI,20,0.03337116181703984,0.01935614865443817,0.49906462047422534,0.001264765751360091,255.15,,,
schafer_phyllosphere_2022,5,SparCC,20,0.1785151274820085,0.09219247633928891,0.8766388197184132,0.05291334332209507,255.15,,,
schafer_phyllosphere_2022,10,Fixed mean,20,0.2963561416512851,0.09329055152981486,0.9068318828264269,0.039517982597400955,255.15,,,
schafer_phyllosphere_2022,10,LENS distributed,20,0.2963561416512851,0.09329055152981486,0.9068318828264269,0.039517982597400955,255.15,1.0,0.1,0.10784313725490195
schafer_phyllosphere_2022,10,LENS restricted,20,0.2963561416512851,0.09329055152981486,0.9068318828264269,0.039517982597400955,255.15,1.0,0.05,0.0
schafer_phyllosphere_2022,10,OneNet,20,0.2132674098837884,0.1760631701649478,0.8371928087689662,0.10819988233969728,255.15,,,
schafer_phyllosphere_2022,10,PLNNetwork,20,0.1365618820941636,0.0780302895518384,0.6417341607695988,0.09360811453828383,255.15,,,
schafer_phyllosphere_2022,10,Poisson GLMNet,20,0.2041479647736467,0.19418432644268446,0.6409145409291043,0.13108786525756214,255.15,,,
schafer_phyllosphere_2022,10,SPIEC-EASI,20,0.03337116181703984,0.01935614865443817,0.49906462047422534,0.001264765751360091,255.15,,,
schafer_phyllosphere_2022,10,SparCC,20,0.1785151274820085,0.09219247633928891,0.8766388197184132,0.05291334332209507,255.15,,,
schafer_phyllosphere_2022,20,Fixed mean,20,0.2963561416512851,0.09329055152981486,0.9068318828264269,0.039517982597400955,255.15,,,
schafer_phyllosphere_2022,20,LENS distributed,20,0.2963561416512851,0.09329055152981486,0.9068318828264269,0.039517982597400955,255.15,1.0,0.4,0.16960784313725488
schafer_phyllosphere_2022,20,LENS restricted,20,0.2963561416512851,0.09329055152981486,0.9068318828264269,0.039517982597400955,255.15,1.0,0.4,0.0
schafer_phyllosphere_2022,20,OneNet,20,0.2132674098837884,0.1760631701649478,0.8371928087689662,0.10819988233969728,255.15,,,
schafer_phyllosphere_2022,20,PLNNetwork,20,0.1365618820941636,0.0780302895518384,0.6417341607695988,0.09360811453828383,255.15,,,
schafer_phyllosphere_2022,20,Poisson GLMNet,20,0.2041479647736467,0.19418432644268446,0.6409145409291043,0.13108786525756214,255.15,,,
schafer_phyllosphere_2022,20,SPIEC-EASI,20,0.03337116181703984,0.01935614865443817,0.49906462047422534,0.001264765751360091,255.15,,,
schafer_phyllosphere_2022,20,SparCC,20,0.1785151274820085,0.09219247633928891,0.8766388197184132,0.05291334332209507,255.15,,,
schafer_phyllosphere_2022,50,Fixed mean,20,0.2963561416512851,0.09329055152981486,0.9068318828264269,0.039517982597400955,255.15,,,
schafer_phyllosphere_2022,50,LENS distributed,20,0.30241775861584214,0.08703572420883772,0.9055425746503263,0.03909098209729137,255.15,0.95,1.0,0.33431372549019606
schafer_phyllosphere_2022,50,LENS restricted,20,0.2982729333024662,0.09119438082826258,0.9056638478436957,0.03892898300421173,255.15,0.9,1.2,0.0
schafer_phyllosphere_2022,50,OneNet,20,0.2132674098837884,0.1760631701649478,0.8371928087689662,0.10819988233969728,255.15,,,
schafer_phyllosphere_2022,50,PLNNetwork,20,0.1365618820941636,0.0780302895518384,0.6417341607695988,0.09360811453828383,255.15,,,
schafer_phyllosphere_2022,50,Poisson GLMNet,20,0.2041479647736467,0.19418432644268446,0.6409145409291043,0.13108786525756214,255.15,,,
schafer_phyllosphere_2022,50,SPIEC-EASI,20,0.03337116181703984,0.01935614865443817,0.49906462047422534,0.001264765751360091,255.15,,,
schafer_phyllosphere_2022,50,SparCC,20,0.1785151274820085,0.09219247633928891,0.8766388197184132,0.05291334332209507,255.15,,,
schafer_phyllosphere_2022,100,Fixed mean,20,0.2963561416512851,0.09329055152981486,0.9068318828264269,0.039517982597400955,255.15,,,
schafer_phyllosphere_2022,100,LENS distributed,20,0.3120624221649341,0.11173662922911749,0.9005248417597389,0.04129540198774282,255.15,0.55,2.35,0.5225490196078432
schafer_phyllosphere_2022,100,LENS restricted,20,0.26690646593545647,0.1261783823077169,0.878261615920576,0.08367815320539718,255.15,0.45,2.55,0.0
schafer_phyllosphere_2022,100,OneNet,20,0.2132674098837884,0.1760631701649478,0.8371928087689662,0.10819988233969728,255.15,,,
schafer_phyllosphere_2022,100,PLNNetwork,20,0.1365618820941636,0.0780302895518384,0.6417341607695988,0.09360811453828383,255.15,,,
schafer_phyllosphere_2022,100,Poisson GLMNet,20,0.2041479647736467,0.19418432644268446,0.6409145409291043,0.13108786525756214,255.15,,,
schafer_phyllosphere_2022,100,SPIEC-EASI,20,0.03337116181703984,0.01935614865443817,0.49906462047422534,0.001264765751360091,255.15,,,
schafer_phyllosphere_2022,100,SparCC,20,0.1785151274820085,0.09219247633928891,0.8766388197184132,0.05291334332209507,255.15,,,
schafer_phyllosphere_2022,200,Fixed mean,20,0.2963561416512851,0.09329055152981486,0.9068318828264269,0.039517982597400955,255.15,,,
schafer_phyllosphere_2022,200,LENS distributed,20,0.28127537065127994,0.12843019459597677,0.8420949355309691,0.11976756705325978,255.15,0.1,5.0,0.7558823529411764
schafer_phyllosphere_2022,200,LENS restricted,20,0.2672042018466046,0.13605342009929342,0.8696612671572209,0.07159465864564495,255.15,0.2,4.7,0.0
schafer_phyllosphere_2022,200,OneNet,20,0.2132674098837884,0.1760631701649478,0.8371928087689662,0.10819988233969728,255.15,,,
schafer_phyllosphere_2022,200,PLNNetwork,20,0.1365618820941636,0.0780302895518384,0.6417341607695988,0.09360811453828383,255.15,,,
schafer_phyllosphere_2022,200,Poisson GLMNet,20,0.2041479647736467,0.19418432644268446,0.6409145409291043,0.13108786525756214,255.15,,,
schafer_phyllosphere_2022,200,SPIEC-EASI,20,0.03337116181703984,0.01935614865443817,0.49906462047422534,0.001264765751360091,255.15,,,
schafer_phyllosphere_2022,200,SparCC,20,0.1785151274820085,0.09219247633928891,0.8766388197184132,0.05291334332209507,255.15,,,
schafer_phyllosphere_2022,357,Fixed mean,20,0.2963561416512851,0.09329055152981486,0.9068318828264269,0.039517982597400955,255.15,,,
schafer_phyllosphere_2022,357,LENS distributed,20,0.3225036557941757,0.11723918728692513,0.9013410786473122,0.044208478447737315,255.15,0.0,9.2,0.9088235294117647
schafer_phyllosphere_2022,357,LENS restricted,20,0.27070524037131766,0.1481655863454777,0.8193980156195757,0.1490639899096565,255.15,0.05,8.25,0.0
schafer_phyllosphere_2022,357,OneNet,20,0.2132674098837884,0.1760631701649478,0.8371928087689662,0.10819988233969728,255.15,,,
schafer_phyllosphere_2022,357,PLNNetwork,20,0.1365618820941636,0.0780302895518384,0.6417341607695988,0.09360811453828383,255.15,,,
schafer_phyllosphere_2022,357,Poisson GLMNet,20,0.2041479647736467,0.19418432644268446,0.6409145409291043,0.13108786525756214,255.15,,,
schafer_phyllosphere_2022,357,SPIEC-EASI,20,0.03337116181703984,0.01935614865443817,0.49906462047422534,0.001264765751360091,255.15,,,
schafer_phyllosphere_2022,357,SparCC,20,0.1785151274820085,0.09219247633928891,0.8766388197184132,0.05291334332209507,255.15,,,
