sample_id,Leaf141,Leaf145,Leaf160,Leaf176,Leaf177,Leaf183,Leaf187,Leaf189,Leaf2,Leaf203,Leaf220,Leaf222,Leaf231,Leaf233,Leaf234,Leaf242,Leaf262,Leaf263,Leaf265,Leaf26,Leaf285,Leaf288,Leaf324,Leaf334,Leaf336,Leaf337,Leaf344,Leaf351,Leaf354,Leaf357,Leaf359,Leaf363,Leaf371,Leaf380,Leaf391,Leaf396,Leaf405,Leaf41,Leaf416,Leaf420,Leaf427,Leaf443,Leaf5,Leaf68,Leaf70,Leaf3,Leaf33,Leaf225,Leaf82,Leaf83,Leaf86,Leaf88,Leaf90,Leaf202,Leaf281
ALL_U_1_t1,193,9,1,0,1941,0,0,8,31,798,0,0,1,106,0,116,844,0,1,0,0,0,0,0,50,0,0,0,0,0,0,0,0,0,0,1,12,8,0,647,0,0,0,1195,0,0,307,0,0,3,24,0,0,1220,0
ALL_U_2_t1,0,565,9,4,356,29,0,11,3,1132,0,0,390,1555,0,9,347,0,187,84,6,0,21,0,36,0,5,0,1,1,0,0,0,1,139,0,20,0,2,301,1,0,0,1076,0,6,0,0,5,8,3,1,864,1063,3
ALL_U_3_t1,8,456,472,0,104,21,200,3,6,1476,0,0,125,52,0,1,356,0,4,110,1,9,4,1,15,0,0,0,0,4,0,21,26,3,40,3,2317,3,3,434,1,1,0,1746,49,11,11,0,139,662,31,3,13,1702,15
ALL_U_4_t1,5,28,6,1,161,0,12,1,0,381,0,0,317,23,0,0,25,0,800,6,1,0,3,0,8,1,0,0,0,0,0,0,86,167,15,0,17,2,2,600,0,0,0,1926,4,0,0,0,127,1839,29,0,2,1866,1
ALL_U_5_t1,179,9,2,0,55,1,3,0,0,1242,0,0,579,2360,5,1,1,0,6,4,0,0,0,0,5,0,1,0,10,0,0,0,1,2,176,0,2,0,0,8,0,0,0,1860,0,0,0,0,342,21,1,0,3,1839,0
ALL_U_6_t1,5,14,0,2,83,0,2,0,0,353,1,0,498,31,0,2,430,0,7,2,1,12,0,0,3,0,36,0,2,5,0,0,20,0,33,0,2,0,0,567,0,1,0,1434,18,0,0,0,6,2371,0,0,2,1420,0
ALL_Mg_1_t1,0,27,0,0,20,0,1,0,6,480,0,0,1,8,1,111,1,0,1,261,0,0,56,0,3,0,1,0,2,19,0,0,44,0,45,0,2664,0,2,5,0,0,0,2043,21,0,0,0,0,322,1,0,258,2033,0
ALL_Mg_2_t1,32,83,0,2,180,1,0,0,0,876,0,0,297,37,0,18,123,0,3,0,1,0,0,0,2,0,15,0,7,0,0,0,0,10,85,0,1255,3,0,414,0,0,0,1122,0,0,0,0,39,2596,60,0,2,1119,0
ALL_Mg_3_t1,0,672,0,0,3442,46,0,0,19,3678,0,0,1,11,0,236,4,0,0,0,0,0,0,0,106,0,0,4,250,5,0,0,0,0,104,1,0,0,0,13,0,0,31,304,0,0,1,0,0,4,0,0,72,309,0
ALL_Mg_4_t1,0,3349,1,0,737,1,0,0,0,1143,0,0,500,51,0,47,2208,0,4,0,0,0,0,0,16,2,2,0,37,1,0,0,0,3,7,1,3,0,0,86,0,0,0,286,0,0,9,0,100,1,31,14,7,300,0
ALL_Mg_5_t1,1,7058,0,2,6,0,0,0,0,162,0,0,244,40,0,15,1,0,2,0,0,30,0,0,2,0,64,0,0,1,0,0,0,0,0,0,7,0,1,14,0,0,0,1922,6,1,0,3,74,4,1,0,1,2050,0
ALL_Mg_6_t1,0,692,0,1,343,6,0,7,0,441,0,0,7,101,8,1,1,1,3,1494,2,1,0,0,8,1,3,0,19,1,0,0,0,0,6,1,27,6,2,2120,1,0,0,1248,0,43,0,1,486,0,1,0,0,1291,37
ALL_Mg_7_t1,21,2141,36,0,56,3,0,1,3,2400,0,0,424,36,0,28,1,0,0,9,0,0,0,0,3,0,0,0,39,0,0,0,113,0,0,0,9,0,1,16,0,0,0,696,0,1,0,0,0,0,948,0,2,680,0
ALL_Mg_8_t1,15,32,0,2,201,2,0,0,0,1831,0,0,539,51,1,0,565,0,160,143,3,1,25,0,6,4,1,0,39,18,0,0,0,0,26,1,3,0,1,562,1,30,0,626,2,4,0,0,2,2,2665,12,0,670,3
ALL_Mg_9_t1,0,13,0,0,23,6,0,2,0,1139,0,0,680,1517,0,0,46,0,202,0,17,0,20,0,2,0,0,0,3,0,0,6,23,0,1,0,3,0,1220,327,0,0,0,1539,48,1,0,0,0,1,36,0,1,1449,0
ALL_Mg_10_t1,0,3688,1,2,869,2,0,0,0,787,0,3,591,80,0,40,2253,2,1,127,12,0,0,3,14,0,1,0,20,0,0,0,0,1,0,0,2,0,19,586,0,0,0,21,0,0,281,0,3,0,140,0,1147,20,1
ALL_Mg_11_t1,1,378,0,0,212,1,0,12,64,4871,0,8,1479,36,0,24,2609,2,2,273,1,0,0,0,5,0,0,0,12,15,0,6,0,178,47,3,1,0,8,17,0,6,0,93,0,0,3,1,10,1,25,2,6,77,0
ALL_Mg_12_t1,0,64,0,0,44,2,0,0,0,2121,0,4,822,3521,0,13,498,0,1,139,1,0,46,0,8,0,0,0,4,0,0,0,0,1,2,0,0,0,4,227,1,0,0,1806,0,0,0,2,2,0,6,1,4,1761,0
ALL_Mg_13_t1,2,122,0,0,232,6,0,0,14,1573,0,0,690,85,14,45,5,0,0,135,405,0,10,1,1,0,0,0,4,8,0,20,0,3,138,0,1,0,1,581,0,1,0,1323,0,11,0,11,1,4,2198,1,2,1334,12
ALL_Mg_14_t1,3,1084,0,0,296,37,1,0,3,111,0,0,2,81,1,543,1361,13,445,72,38,0,193,0,63,0,0,19,1,0,1,94,0,5,1,1,0,4,3,641,14,2,0,90,0,2,0,1,5,0,22,0,1597,96,0
ALL_Mg_15_t1,0,1213,0,0,217,6,0,5,2,367,0,0,8,138,0,289,50,0,19,4,30,214,6,2,19,1,0,0,10,1,0,0,0,1,633,1,3,0,6,32,0,2,0,1556,0,1,1,0,3,1,31,11,13,1571,6
ALL_Mg_16_t1,2,244,0,1,1625,19,0,0,0,1106,0,0,6,134,0,35,11,0,7,1,1,0,0,0,65,1,0,1,7,0,0,0,0,10,155,0,0,0,2,5,0,1,0,1463,0,0,0,0,4,3,7,0,3,1524,0
ALL_Mg_17_t1,1,51,0,0,37,0,0,1,0,242,0,0,600,16,0,67,205,1,65,131,25,0,3,0,4,0,0,0,5,2,0,0,1,0,1,0,1893,1,2,388,2,0,0,932,0,199,4,18,4,3,378,0,2,895,183
ALL_Mg_18_t1,79,56,0,0,213,2,0,6,5,1037,0,0,413,1715,1,1,146,1,793,91,35,0,12,5,12,1,1,1,11,6,2,18,0,0,620,0,1308,0,2,92,0,33,0,997,9,4,81,0,53,87,151,11,13,1108,6
ALL_Mg_1_t2,8,216,0,1,250,4,0,3,0,254,0,0,0,104,0,1,1,0,377,324,0,0,0,0,20,0,65,1,23,12,0,0,0,0,112,3,8,6,43,3,0,0,0,1100,0,0,1,0,197,0,20,1103,9,1105,1
ALL_Mg_2_t2,25,215,0,2,496,9,0,0,3,1056,0,0,276,857,0,1,25,1,0,29,405,16,0,0,28,0,68,0,5,0,0,0,0,0,7,0,0,0,0,469,0,11,105,861,0,0,331,0,30,0,2,1,986,937,0
ALL_Mg_3_t2,0,37,0,0,72,1,0,0,11,1948,0,0,449,383,0,1,7,0,0,160,844,0,9,0,3,0,23,0,12,0,0,0,0,0,2,0,1617,1,3,648,0,0,1,1164,0,2,244,0,54,3,3,0,1306,1124,8
ALL_Mg_4_t2,0,199,0,3,52,1,0,4,8,993,0,0,194,196,0,0,162,0,0,92,109,17,18,1,2,0,42,1,50,0,0,32,0,2,626,0,1881,11,2,493,12,0,0,851,0,1,0,0,74,0,2211,1,445,885,1
ALL_Mg_5_t2,2,376,0,3,453,0,0,17,0,3858,0,0,2,56,0,0,4,0,0,4,0,0,0,0,37,0,1,0,14,0,0,0,0,906,0,0,0,0,0,1,0,0,0,231,0,0,0,0,533,1,0,0,0,232,2
ALL_Mg_6_t2,0,33,0,2,41,0,0,0,7,343,0,0,376,3674,0,0,237,0,214,81,0,0,0,0,1,0,88,0,2,0,0,5,0,1,155,0,6,7,0,426,9,5,0,853,0,0,0,0,1,0,8,0,0,847,0
ALL_Mg_7_t2,1,21,0,6,63,0,0,1,3,830,0,0,210,43,0,0,179,0,1,105,22,0,3,0,5,0,0,0,22,16,0,0,0,0,313,1,1,10,0,460,0,0,0,808,0,1,0,0,78,1033,26,0,0,831,6
ALL_Mg_8_t2,1,73,0,6,22,0,0,0,8,531,0,0,332,2374,0,0,0,0,0,1,1,0,0,3,0,0,0,0,5,0,0,22,0,0,3,0,5,11,3,196,0,0,0,1752,4,0,0,0,5,0,1,0,1,1855,0
ALL_Mg_9_t2,2,44,0,0,170,6,0,1,0,500,0,0,121,416,0,0,269,0,380,83,0,2,1,0,5,0,0,0,1,4,0,0,0,0,0,0,144,7,0,82,0,2,0,976,0,2,0,0,99,3,796,2,3,951,1
ALL_Mg_10_t2,0,67,0,3,149,5,0,0,0,447,0,0,1,118,0,49,4,0,0,0,0,0,22,0,3,0,0,0,23,0,0,34,0,0,0,0,1582,0,0,302,0,0,0,684,0,2,0,0,0,0,901,0,4,635,3
ALL_Mg_11_t2,1,10,0,0,55,0,0,0,9,481,0,0,0,71,0,111,154,0,1,49,0,0,0,0,0,0,45,0,3,0,0,0,0,3,2,0,6,0,2,526,0,24,0,739,0,3,0,0,0,229,3,0,316,797,1
ALL_Mg_12_t2,0,141,0,1,450,11,0,0,0,1275,0,0,5,427,0,2,198,0,1,454,0,5,0,0,19,0,2,0,14,4,0,0,0,0,2,10,9,7,1,375,0,0,0,822,0,1,0,0,235,4,10,0,5,770,3
ALL_Mg_13_t2,0,29,0,0,112,0,0,0,0,641,3,0,309,26,0,0,1153,0,1,124,3,0,0,0,6,1,90,0,6,0,0,39,0,0,339,1,113,13,2,326,0,156,0,778,9,95,0,0,513,11,4,0,2,773,94
ALL_Mg_14_t2,0,51,0,2,14,2,0,0,0,709,0,0,89,25,0,0,4,0,80,26,0,0,0,0,2,0,0,0,11,0,0,6,32,0,0,0,2,2,0,3,0,0,0,614,0,0,37,0,28,1,1594,0,0,649,0
ALL_Mg_15_t2,0,60,0,2,54,8,0,1,0,1061,0,0,341,352,0,1,411,0,0,116,0,3,28,0,9,0,168,0,3,4,0,31,0,0,173,2,1,10,2151,700,3,20,0,1236,0,1,0,0,87,152,272,0,3,1215,1
ALL_Mg_16_t2,10,48,0,0,90,1,0,0,17,650,0,0,232,1249,0,18,0,0,0,0,5,0,0,1,3,0,0,0,5,0,0,0,17,2,118,3,705,1,2,375,39,0,0,314,0,0,0,0,6,2,1400,0,6,309,0
ALL_Mg_17_t2,3,693,89,4,36,3,0,2,3,446,0,0,119,803,0,1,86,0,144,32,0,0,11,0,3,0,40,0,11,0,0,0,0,0,114,11,675,3,2,298,0,71,0,239,0,0,125,0,34,71,201,98,178,239,0
ALL_Mg_18_t2,21,1761,0,0,42,6,0,0,13,369,1,0,229,155,0,1,321,0,0,114,13,0,0,0,8,0,0,0,0,0,0,0,198,39,1,0,1471,5,0,223,5,6,0,393,0,19,5,0,110,1,0,0,0,370,20
ALL_Mg_19_t2,0,67,0,0,181,4,0,1,1,807,0,0,206,110,0,0,2,0,304,24,283,0,153,0,8,0,0,0,0,0,0,0,0,0,3,0,829,1,1,397,3,1,0,25,0,0,268,1,5,0,2031,0,3,34,0
ALL_Mg_20_t2,7,12,0,3,93,0,0,2,0,723,0,0,0,96,0,104,63,0,1,5,3,0,0,0,6,0,0,0,7,5,0,1,0,0,46,0,6,11,2,104,19,0,0,1107,0,10,0,1,0,0,746,0,0,1102,6
ALL_Mg_21_t2,0,33,0,0,133,4,0,1,1,1747,0,0,451,9,0,0,4,0,1,86,749,0,142,33,6,1,0,0,3,0,0,0,2,0,0,0,14,0,1,472,0,0,0,11,0,2,1,1,1,0,0,0,3305,9,1
ALL_Mg_22_t2,66,192,0,1,317,14,0,0,53,1268,0,0,2,323,0,297,406,0,0,6,18,11,2,0,8,2,1,2,27,0,0,0,0,0,1,11,0,0,1,5,0,4,0,1235,0,3,0,0,1,0,135,0,36,1262,4
ALL_Mg_23_t2,0,36,0,0,132,2,0,0,3,289,0,0,45,20,0,42,1,0,424,406,0,0,0,0,6,0,0,0,21,19,0,0,0,0,254,1,11,16,6,329,7,0,0,911,0,0,0,0,0,283,67,2,0,972,0
ALL_Mg_24_t2,0,5,0,0,44,0,2,0,0,1083,1,0,204,414,0,0,933,0,0,81,2,0,0,0,9,0,0,0,3,0,0,0,0,0,209,0,1034,2,2,248,43,0,0,206,0,34,0,0,58,365,5,0,487,232,24
