sample_id,KB1,YL2,YL27,YL31,YL32,YL44,YL45,I46,I48,I49,YL58
OMM11-KB1_E3_AF_W1,0,1.18e+08,79500000,1.28e+09,1.2e+07,657000,0,4.33e+08,2.68e+09,0,5.16e+08
OMM11-KB1_E3_AF_W2,0,1.78e+08,6.3e+07,1.43e+09,16600000,630000,0,4e+08,2.75e+09,0,8.32e+08
OMM11-KB1_E3_AF_W3,0,95700000,73300000,1.36e+09,1.6e+07,17500000,0,3.38e+08,3.19e+09,0,5.04e+08
OMM11-YL2_E3_AF_W1,15500000,0,7580000,1.91e+08,14500000,423000,0,1.42e+08,4.8e+08,0,1.12e+09
OMM11-YL2_E3_AF_W2,11400000,0,7280000,2.13e+08,12500000,237000,0,1.11e+08,5.03e+08,0,6.46e+08
OMM11-YL2_E3_AF_W3,18300000,0,6050000,2.4e+08,11200000,168000,0,1.12e+08,6.4e+08,0,6.5e+08
OMM11-KB18_E3_AF_W1,3.33e+08,0,6550000,6.3e+08,19500000,673000,0,90500000,5.3e+08,0,1.07e+09
OMM11-KB18_E3_AF_W2,1.49e+08,0,7850000,2.61e+08,15200000,440000,0,9.1e+07,5.57e+08,0,6.32e+08
OMM11-KB18_E3_AF_W3,2.73e+08,0,10100000,1.54e+08,15200000,337000,163000,1.02e+08,5.27e+08,0,9.18e+08
OMM11-YL27_E3_AF_W1,72800000,0,0,5.9e+08,15400000,1010000,6.7e+07,79800000,4.33e+08,0,7.54e+08
OMM11-YL27_E3_AF_W2,1.81e+08,0,0,2.42e+08,19400000,843000,1210000,88500000,5.17e+08,0,9.36e+08
OMM11-YL27_E3_AF_W3,2.04e+08,40700,0,1.19e+08,14200000,560000,0,69500000,4.63e+08,0,5.8e+08
OMM11-YL31_E3_AF_W1,2.88e+08,0,0,0,2.3e+07,360000,0,1.33e+08,6.53e+08,0,2.02e+09
OMM11-YL31_E3_AF_W2,2.41e+08,0,20800000,0,18300000,308000,0,1.15e+08,5.23e+08,0,1.21e+09
OMM11-YL31_E3_AF_W3,5.23e+08,0,23500000,0,15300000,172000,0,1.07e+08,3.6e+08,0,1.12e+09
OMM11-YL32_E3_AF_W1,2.65e+08,0,4600000,1.86e+08,0,217000,0,1.46e+08,5.23e+08,0,1.33e+09
OMM11-YL32_E3_AF_W2,6.7e+08,136000,4450000,71500000,0,160000,0,1.18e+08,4.63e+08,0,1.12e+09
OMM11-YL32_E3_AF_W3,2.78e+08,0,8480000,5.1e+07,0,138000,0,1.1e+08,5.47e+08,0,1.3e+09
OMM11-YL44_E3_AF_W1,4.13e+08,0,9430000,53500000,12600000,0,0,1.18e+08,3.31e+08,0,1.66e+09
OMM11-YL44_E3_AF_W2,3.35e+08,0,12600000,64500000,12100000,0,0,1.49e+08,3.9e+08,0,1.33e+09
OMM11-YL44_E3_AF_W3,2.16e+08,0,16400000,83500000,10600000,0,0,72300000,4.03e+08,0,8.22e+08
OMM11-YL45_E3_AF_W1,3.1e+08,0,14400000,96500000,13800000,222000,0,1.38e+08,5.17e+08,0,1.7e+09
OMM11-YL45_E3_AF_W2,2.05e+08,0,10400000,7.2e+07,13500000,163000,0,1.22e+08,3.53e+08,0,5e+08
OMM11-YL45_E3_AF_W3,6.1e+08,0,12900000,3.4e+07,11400000,157000,0,1.18e+08,2.93e+08,0,4.8e+08
OMM11-I46_E3_AF_W1,0,0,5100000,8.25e+08,22400000,247000,325000,0,6.3e+08,0,1.33e+09
OMM11-I46_E3_AF_W2,7.5e+08,0,2680000,5.2e+08,11100000,93700,8820000,0,3.6e+08,0,8.92e+08
OMM11-I46_E3_AF_W3,5.5e+08,69700,12500000,3.22e+08,13900000,154000,6400000,0,3.05e+08,0,5.08e+08
OMM11-I48_E3_AF_W1,6.05e+08,0,1.1e+07,6.3e+08,15300000,190000,0,1.76e+08,0,0,1.74e+09
OMM11-I48_E3_AF_W3,8.15e+08,0,27500000,6.8e+07,18600000,350000,0,1.74e+08,0,0,1.22e+09
OMM11-I49_E3_AF_W1,5.98e+08,0,2500000,5.25e+08,14200000,135000,0,1.39e+08,3.37e+08,0,7.86e+08
OMM11-I49_E3_AF_W2,2.04e+08,0,4980000,1.31e+08,17800000,174000,0,1.2e+08,4.87e+08,0,1.01e+09
OMM11-I49_E3_AF_W3,6.6e+08,0,8950000,1.99e+08,15600000,127000,0,1.11e+08,3.57e+08,0,1.13e+09
OMM11-YL58_E3_AF_W1,3.28e+08,0,0,1.71e+08,43200000,264000,28500000,1.01e+08,3.67e+08,0,0
OMM11-YL58_E3_AF_W2,5.33e+08,0,0,3.38e+08,32400000,178000,340000,1.23e+08,4e+08,0,0
OMM11-YL58_E3_AF_W3,7.5e+08,0,0,1.64e+08,45800000,4e+05,1.03e+08,1.36e+08,4.77e+08,144000,0
OMM12_E3_AF_W1,3.13e+08,0,4280000,2.8e+08,19800000,268000,0,1.43e+08,5.83e+08,0,2.62e+08
OMM12_E3_AF_W2,2.63e+08,0,8050000,1.35e+08,21600000,337000,0,1.93e+08,5.13e+08,0,3.7e+08
OMM12_E3_AF_W3,2.37e+08,0,5430000,2.17e+08,18700000,373000,0,1.55e+08,6.1e+08,0,2.62e+08
OMM11-KB1_E1_AF_W1,0,1.5e+08,59300000,4.6e+08,3.5e+07,295000,2020000,1.73e+08,1.3e+09,0,7.34e+08
OMM11-KB1_E1_AF_W2,0,36300000,21300000,3.09e+08,14400000,231000,0,5.5e+07,1.31e+09,0,2.06e+08
OMM11-KB1_E1_AF_W3,0,55300000,45300000,3.67e+08,22800000,257000,0,1.02e+08,1.53e+09,0,3.38e+08
OMM11-YL2_E1_AF_W1,80800000,0,9030000,1.43e+08,14900000,88300,0,56800000,3.43e+08,0,4.24e+08
OMM11-YL2_E1_AF_W2,1.46e+08,0,3130000,44500000,10700000,0,0,54300000,2.24e+08,23300,4.84e+08
OMM11-YL2_E1_AF_W3,81800000,0,3350000,38200000,14200000,0,0,63800000,2.75e+08,0,3.34e+08
OMM11-KB18_E1_AF_W1,25800000,0,4950000,1e+08,11700000,57000,0,33800000,2.14e+08,0,2.66e+08
OMM11-KB18_E1_AF_W2,23600000,0,4530000,5.2e+07,6220000,0,0,25800000,1.33e+08,0,1.63e+08
OMM11-KB18_E1_AF_W3,52300000,0,10300000,1.24e+08,16200000,69700,0,52500000,2.47e+08,0,3.78e+08
OMM11-YL27_E1_AF_W1,8.9e+07,0,0,1.04e+08,26800000,269000,0,53500000,2.86e+08,0,4.36e+08
OMM11-YL27_E1_AF_W2,58800000,0,0,8.7e+07,2.4e+07,223000,0,58300000,3.04e+08,0,4.74e+08
OMM11-YL27_E1_AF_W3,1.23e+08,0,0,55500000,17100000,129000,0,41500000,2.68e+08,0,2.48e+08
OMM11-YL31_E1_AF_W1,62800000,0,16100000,0,2.2e+07,305000,41200000,72500000,4.53e+08,0,3.5e+08
OMM11-YL31_E1_AF_W2,50800000,0,25800000,0,14800000,198000,80700000,45300000,2.74e+08,0,2.84e+08
OMM11-YL31_E1_AF_W3,23900000,0,6030000,0,12400000,52700,1540000,31800000,3.09e+08,0,1.08e+08
OMM11-YL32_E1_AF_W1,92300000,0,61300,5.45e+08,0,79300,4830000,68800000,3.22e+08,0,6.78e+08
OMM11-YL32_E1_AF_W2,54800000,0,148000,6.05e+08,0,50000,365000,66300000,3.67e+08,0,5.7e+08
OMM11-YL44_E1_AF_W1,90300000,0,658000,5.4e+08,9160000,0,10700000,5.9e+07,5.2e+08,0,4.22e+08
OMM11-YL44_E1_AF_W2,1.15e+08,0,590000,2.85e+08,6280000,0,0,3.4e+07,3.73e+08,0,2.52e+08
OMM11-YL44_E1_AF_W3,1.16e+08,0,1010000,1.88e+08,6200000,0,109000,38500000,3.9e+08,0,1.61e+08
OMM11-YL45_E1_AF_W1,4.88e+08,0,1150000,4.63e+08,12800000,70300,0,1e+08,7.43e+08,0,6.96e+08
OMM11-YL45_E1_AF_W2,2.78e+08,0,658000,2.65e+08,7340000,40300,0,57500000,4.23e+08,0,3.98e+08
OMM11-YL45_E1_AF_W3,1.45e+08,0,1280000,6.8e+07,7360000,29700,0,43300000,3.9e+08,0,1.95e+08
OMM11-I46_E1_AF_W1,1.88e+08,0,1130000,7.7e+08,12500000,195000,3080000,0,3.57e+08,0,1.09e+09
OMM11-I46_E1_AF_W2,3.38e+08,0,4050000,4.94e+08,15600000,222000,11600000,0,3.63e+08,0,1.62e+09
OMM11-I46_E1_AF_W3,2.6e+08,0,2750000,2.02e+08,11400000,154000,0,0,2.73e+08,0,1.5e+09
OMM11-I48_E1_AF_W1,2.3e+08,0,5730000,4e+08,8820000,256000,1180000,6.8e+07,0,0,1.52e+09
OMM11-I48_E1_AF_W2,4.88e+08,0,4430000,3.42e+08,1.2e+07,203000,27700000,75800000,0,0,1.46e+09
OMM11-I49_E1_AF_W1,2.14e+08,0,2050000,6.95e+08,10200000,141000,920000,77800000,3.47e+08,0,1.75e+09
OMM11-I49_E1_AF_W2,2.27e+08,0,5100000,4.78e+08,11600000,126000,3350000,82500000,3.87e+08,0,1.58e+09
OMM11-I49_E1_AF_W3,2.11e+08,0,5930000,1.81e+08,17500000,155000,0,1.07e+08,5.73e+08,0,1.64e+09
OMM11-YL58_E1_AF_W1,3.38e+08,0,19600,1.51e+08,21400000,1770000,5.9e+07,55500000,3.57e+08,0,0
OMM11-YL58_E1_AF_W2,3.23e+08,0,0,3.77e+08,16300000,537000,9620000,44800000,3.43e+08,0,0
OMM11-YL58_E1_AF_W3,45800000,0,12300,6.5e+07,5360000,158000,8720000,10400000,92700000,0,0
OMM12_E1_AF_W1,2.1e+08,0,2780000,2.71e+08,7640000,91700,0,63300000,2.42e+08,0,8.06e+08
OMM12_E1_AF_W2,4.88e+08,0,5050000,1.97e+08,16200000,106000,0,1.35e+08,4.57e+08,0,2.02e+09
OMM12_E1_AF_W3,4.2e+08,0,7350000,6.4e+07,13900000,85300,0,1.12e+08,3.6e+08,0,1.19e+09
OMM11-KB1_E2_AF_W1,0,1.96e+08,27300000,8.3e+08,14800000,907000,0,6.55e+08,1.81e+09,0,6.4e+08
OMM11-KB1_E2_AF_W2,0,1.48e+08,19400000,8.5e+08,12900000,593000,0,4.75e+08,1.99e+09,0,3.28e+08
OMM11-KB1_E2_AF_W3,0,1.22e+08,16900000,6.55e+08,12500000,264000,0,2.75e+08,1.63e+09,0,2.16e+08
OMM11-KB18_E2_AF_W1,1.62e+08,0,152000,8.3e+08,2.3e+07,787000,0,1.29e+08,4.87e+08,0,8.42e+08
OMM11-KB18_E2_AF_W2,44300000,0,77800,3.99e+08,13200000,5e+05,0,39300000,2.1e+08,0,2.36e+08
OMM11-KB18_E2_AF_W3,8.8e+07,0,618000,3.52e+08,12900000,291000,0,54800000,2.52e+08,0,3.5e+08
OMM11-YL2_E2_AF_W1,56300000,0,177000,3.18e+08,11300000,367000,0,47800000,1.91e+08,0,3.7e+08
OMM11-YL2_E2_AF_W2,5.7e+07,0,53800,2.48e+08,9520000,278000,0,37500000,1.35e+08,0,2.12e+08
OMM11-YL2_E2_AF_W3,91300000,0,1190000,3.34e+08,12700000,283000,0,44300000,2.83e+08,0,3.12e+08
OMM11-YL27_E2_AF_W1,5.8e+07,0,0,2.43e+08,8240000,383000,0,41300000,1.32e+08,0,2.16e+08
OMM11-YL27_E2_AF_W2,1.2e+08,0,0,3.21e+08,13600000,933000,0,80500000,2.19e+08,0,4.16e+08
OMM11-YL27_E2_AF_W3,95500000,0,0,4.61e+08,11200000,550000,0,6.6e+07,2.33e+08,0,3.24e+08
OMM11-YL31_E2_AF_W1,2.09e+08,0,18600000,0,2e+07,643000,0,1.37e+08,3.19e+08,0,6.06e+08
OMM11-YL31_E2_AF_W2,1.79e+08,0,22200000,0,17900000,440000,0,95800000,3.16e+08,0,4.06e+08
OMM11-YL31_E2_AF_W3,1.48e+08,0,9900000,0,13200000,407000,0,69500000,2.61e+08,0,3.44e+08
OMM11-YL32_E2_AF_W1,1.15e+08,0,53300,4.28e+08,0,0,0,8.3e+07,1.94e+08,0,4.26e+08
OMM11-YL32_E2_AF_W2,1.85e+08,0,188000,3.87e+08,0,0,0,1.13e+08,3.83e+08,0,4.76e+08
OMM11-YL32_E2_AF_W3,1.42e+08,0,435000,1.08e+08,0,0,0,90300000,2.74e+08,0,3.44e+08
OMM11-YL44_E2_AF_W1,1.36e+08,0,363000,5.6e+08,14800000,0,0,1.12e+08,3.73e+08,0,5.8e+08
OMM11-YL44_E2_AF_W2,43500000,0,280000,1.97e+08,8800000,0,0,4e+07,1.95e+08,0,1.82e+08
OMM11-YL44_E2_AF_W3,2.35e+08,0,6680000,2.24e+08,16700000,0,0,1.18e+08,3.12e+08,0,5.92e+08
OMM11-YL45_E2_AF_W1,46800000,0,578000,1.74e+08,8260000,610000,0,35300000,1.51e+08,0,1.43e+08
OMM11-YL45_E2_AF_W2,4.58e+08,0,2850000,1.52e+09,42200000,42700,0,2.98e+08,8.27e+08,0,1.71e+09
OMM11-YL45_E2_AF_W3,1.75e+08,0,8050000,1.53e+08,16400000,393000,0,1.24e+08,1.65e+08,0,3.86e+08
OMM11-I46_E2_AF_W1,2.31e+08,0,2250000,4.82e+08,22400000,1130000,1.2e+08,0,4.47e+08,0,6.78e+08
OMM11-I46_E2_AF_W2,3.28e+08,0,1060000,3.58e+08,2.1e+07,637000,0,0,4.77e+08,0,1.03e+09
OMM11-I46_E2_AF_W3,2.6e+07,0,139000,42600000,3060000,149000,0,0,36700000,0,75800000
OMM11-I48_E2_AF_W1,1.62e+08,0,5850000,5.35e+08,1.3e+07,1040000,18800000,8.2e+07,0,0,5.58e+08
OMM11-I48_E2_AF_W2,1.73e+08,0,2680000,3.96e+08,12100000,1180000,0,94300000,0,0,5.78e+08
OMM11-I48_E2_AF_W3,3.25e+08,0,8100000,1.65e+08,14200000,1950000,0,1.15e+08,0,0,6.6e+08
OMM11-I49_E2_AF_W1,2.32e+08,0,131000,3.81e+08,16300000,397000,0,1.29e+08,3.13e+08,0,8.06e+08
OMM11-I49_E2_AF_W2,2.14e+08,0,184000,4.59e+08,14800000,332000,858000,1.24e+08,3.9e+08,0,7.3e+08
OMM11-I49_E2_AF_W3,1.68e+08,0,120000,3.87e+08,12400000,450000,0,79500000,3.24e+08,0,5.42e+08
OMM11-YL58_E2_AF_W1,1.12e+08,0,0,1.85e+08,11900000,390000,0,3.5e+07,1.86e+08,0,0
OMM11-YL58_E2_AF_W2,75500000,0,0,1.3e+08,8860000,267000,0,25800000,1.33e+08,0,0
OMM11-YL58_E2_AF_W3,1.15e+08,0,0,1.96e+08,11400000,273000,0,41500000,1.62e+08,0,0
OMM12_E2_AF_W1,55300000,0,295000,1.48e+08,6300000,293000,0,23900000,1.15e+08,0,1.31e+08
OMM12_E2_AF_W2,7.9e+07,0,733000,2.11e+08,8780000,443000,0,4.5e+07,1.52e+08,0,2.74e+08
OMM12_E2_AF_W3,15900000,0,4230000,1.25e+08,5440000,238000,0,19600000,7.9e+07,0,93800000
OMM11-KB1_E3_APF_W1,0,4.57e+08,0,5.95e+08,2400000,5370000,8500000,1.22e+08,4.4e+09,3220000,4.6e+08
OMM11-KB1_E3_APF_W3,0,7.2e+07,0,7.1e+08,1510000,54300000,0,2.9e+08,7.1e+09,485000,1.83e+09
OMM11-YL2_E3_APF_W1,5.8e+07,0,0,7.25e+08,19500000,20400000,33300000,3.1e+07,4.87e+09,0,6.82e+08
OMM11-YL2_E3_APF_W2,2.24e+08,0,0,9.05e+08,22800000,19500000,7770000,3.5e+07,6.13e+09,0,9.36e+08
OMM11-YL2_E3_APF_W3,8.6e+07,0,0,4.99e+08,1.4e+07,1.6e+07,0,23800000,3.47e+09,0,7.98e+08
OMM11-KB18_E3_APF_W1,2.6e+08,129000,0,6.85e+08,22600000,33700000,1.11e+08,19600000,4.63e+09,0,8.66e+08
OMM11-KB18_E3_APF_W2,77300000,0,0,8.55e+08,24400000,18700000,66300000,1.4e+07,5.63e+09,0,8.68e+08
OMM11-KB18_E3_APF_W3,98500000,0,0,6.2e+08,1.7e+07,9770000,2320000,10700000,4.27e+09,0,7e+08
OMM11-YL27_E3_APF_W1,3.4e+07,0,0,7.55e+08,25600000,27500000,1.7e+08,813000,6.1e+09,0,4.8e+08
OMM11-YL27_E3_APF_W2,8.9e+07,0,0,6.6e+08,24600000,21400000,1.26e+08,8780000,5.7e+09,0,7.76e+08
OMM11-YL27_E3_APF_W3,1.14e+08,0,0,5.75e+08,18700000,14100000,54200000,8250000,4.63e+09,0,9.84e+08
OMM11-YL31_E3_APF_W1,1.65e+08,0,0,0,34600000,13500000,1.25e+08,2.3e+07,7.37e+09,0,8.26e+08
OMM11-YL31_E3_APF_W2,1.07e+08,0,0,0,33200000,30200000,9.4e+07,3.6e+07,8.37e+09,0,1.13e+09
OMM11-YL31_E3_APF_W3,1.76e+08,0,0,0,28600000,4.6e+07,0,41800000,9.43e+09,0,1.5e+09
OMM11-YL32_E3_APF_W1,8.6e+07,0,0,4.16e+08,0,12400000,11800000,1.6e+07,6.67e+09,0,6.44e+08
OMM11-YL32_E3_APF_W2,2.5e+08,0,0,5.3e+08,0,20300000,0,3e+07,7.07e+09,0,1.6e+09
OMM11-YL32_E3_APF_W3,1.96e+08,0,0,4.63e+08,0,23700000,0,21900000,6.57e+09,0,1.35e+09
OMM11-YL44_E3_APF_W1,89500000,0,0,5.9e+08,14400000,0,522000,4.3e+07,6.73e+09,0,1.03e+09
OMM11-YL44_E3_APF_W2,48300000,0,0,4.24e+08,10700000,0,0,12500000,5.23e+09,0,7.86e+08
OMM11-YL44_E3_APF_W3,1.36e+08,0,0,5.65e+08,16900000,0,0,49500000,6.7e+09,0,1.57e+09
OMM11-YL45_E3_APF_W1,7.9e+07,0,0,4.65e+08,15100000,13800000,0,17500000,5.2e+09,0,7e+08
OMM11-YL45_E3_APF_W2,1.08e+08,0,0,5.65e+08,19800000,20800000,0,35500000,6.07e+09,0,1.14e+09
OMM11-YL45_E3_APF_W3,1.26e+08,72000,0,4.4e+08,14800000,26800000,0,27500000,4.57e+09,0,1.15e+09
OMM11-I46_E3_APF_W1,44500000,0,0,1.19e+09,28400000,24300000,97200000,0,9.1e+09,0,5.36e+08
OMM11-I46_E3_APF_W2,1e+08,119000,0,1.08e+09,24600000,21900000,1.14e+08,0,8.03e+09,0,6.12e+08
OMM11-I46_E3_APF_W3,99300000,284000,0,1.36e+09,34800000,26600000,1.49e+08,0,1.13e+10,0,7.24e+08
OMM11-I48_E3_APF_W1,5.48e+08,0,2.37e+08,1.05e+09,37400000,1.22e+08,1.61e+08,1.28e+08,0,0,1.2e+09
OMM11-I48_E3_APF_W2,52800000,0,2.68e+08,1.1e+09,39800000,1.61e+08,2.23e+08,1.53e+08,0,0,1.78e+09
OMM11-I48_E3_APF_W3,14200000,0,1.87e+08,6.4e+08,22600000,1.03e+08,90500000,48800000,0,0,8.26e+08
OMM11-I49_E3_APF_W1,28300000,0,0,1.16e+09,2.2e+07,27100000,1150000,14200000,6.73e+09,0,9.72e+08
OMM11-I49_E3_APF_W2,22100000,0,0,1.19e+09,21400000,22300000,0,23500000,7.37e+09,0,9.5e+08
OMM11-I49_E3_APF_W3,24300000,0,0,1.53e+09,26600000,26500000,0,39300000,1.09e+10,0,1.59e+09
OMM11-YL58_E3_APF_W1,29300000,0,0,7550000,1.18e+08,44700000,1.93e+08,19600000,1.02e+10,0,0
OMM11-YL58_E3_APF_W2,39300000,0,0,14400000,99600000,3.2e+07,2.5e+08,41300000,8.9e+09,0,0
OMM11-YL58_E3_APF_W3,41500000,0,0,1.43e+08,77800000,5.1e+07,1.67e+08,16700000,9.13e+09,0,0
OMM12_E3_APF_W1,4.05e+08,0,0,1.07e+09,32800000,3.6e+07,96800000,48500000,1e+10,0,1.3e+09
OMM12_E3_APF_W2,5.4e+08,343000,0,1.49e+09,4.2e+07,47700000,1.08e+08,6e+07,1.66e+10,0,1.81e+09
OMM12_E3_APF_W3,1.04e+09,0,0,2.13e+09,6e+07,1.47e+08,1.8e+07,1.17e+08,2.08e+10,0,3.84e+09
OMM12_E1_APF_W1,84300000,0,0,9.75e+08,26200000,1.3e+07,2.52e+08,31500000,7.83e+09,0,1.31e+09
OMM12_E1_APF_W2,31500000,0,0,1.32e+09,2.9e+07,18500000,2.35e+08,17900000,1.11e+10,0,1.36e+09
OMM12_E1_APF_W3,1.53e+08,0,0,9.1e+08,1.3e+07,37700000,41300000,15100000,5.97e+09,0,1.63e+09
OMM11-KB1_E1_APF_W1,0,1.3e+08,0,1.43e+09,36200000,547000,99500000,3.23e+08,1.14e+10,11400000,2.22e+09
OMM11-KB1_E1_APF_W2,0,6e+07,0,9.65e+08,3.1e+07,317000,38800000,1.83e+08,7.17e+09,5450000,1.83e+09
OMM11-KB1_E1_APF_W3,0,0,0,9.3e+08,25400000,2880000,36800000,1.82e+08,6.67e+09,470000,6.74e+08
OMM11-YL2_E1_APF_W1,1.72e+08,0,0,8.8e+08,5e+07,5500000,2.85e+08,21900000,7.93e+09,0,1.14e+09
OMM11-YL2_E1_APF_W2,78300000,0,0,6.85e+08,28400000,6330000,87200000,4600000,5.37e+09,0,6.3e+08
OMM11-YL2_E1_APF_W3,99500000,0,0,9.55e+08,33800000,4230000,44300000,16100000,6.8e+09,0,7.3e+08
OMM11-KB18_E1_APF_W1,1.46e+08,0,0,7.8e+08,44200000,4130000,3.13e+08,30500000,6.7e+09,0,8.94e+08
OMM11-KB18_E1_APF_W2,6.1e+07,0,0,6.3e+08,29800000,7170000,3.23e+08,3630000,6.43e+09,0,5.02e+08
OMM11-KB18_E1_APF_W3,73300000,0,0,7.45e+08,4e+07,4900000,1.54e+08,5530000,6.9e+09,0,8.8e+08
OMM11-YL27_E1_APF_W1,1.2e+08,0,0,1.19e+09,76200000,1e+07,3.02e+08,22300000,9.47e+09,0,1.27e+09
OMM11-YL27_E1_APF_W2,1.14e+08,0,0,7.9e+08,35200000,5270000,1.45e+08,25300000,5.77e+09,0,6.26e+08
OMM11-YL27_E1_APF_W3,6.2e+07,0,0,4.31e+08,16200000,2850000,183000,4e+06,3.17e+09,0,3.28e+08
OMM11-YL31_E1_APF_W1,2.7e+07,0,0,0,46800000,22600000,2.95e+08,22600000,7.73e+09,0,4.42e+08
OMM11-YL31_E1_APF_W2,59500000,0,0,0,60600000,25700000,3.12e+08,11400000,1.02e+10,0,5.02e+08
OMM11-YL31_E1_APF_W3,1.07e+08,0,0,0,60400000,31300000,3.22e+08,13800000,1.03e+10,0,8e+08
OMM11-YL32_E1_APF_W1,1.34e+08,0,0,9.15e+08,0,26700000,3.25e+08,27500000,1.05e+10,0,9.66e+08
OMM11-YL32_E1_APF_W2,78800000,0,0,9.3e+08,0,24200000,2.75e+08,1.8e+07,9.7e+09,0,1.07e+09
OMM11-YL32_E1_APF_W3,97500000,0,0,7.9e+08,0,20600000,2.02e+08,9830000,7.93e+09,0,1.23e+09
OMM11-YL45_E1_APF_W1,68800000,0,0,7.35e+08,19600000,11100000,0,27500000,5.43e+09,0,4.94e+08
OMM11-YL45_E1_APF_W2,24800000,0,0,6.85e+08,20200000,9770000,0,7630000,5.27e+09,0,3.48e+08
OMM11-YL45_E1_APF_W3,73500000,0,0,6.85e+08,15500000,10700000,0,30300000,5.3e+09,0,6.38e+08
OMM11-I46_E1_APF_W1,0,0,0,1.35e+09,42600000,26400000,4.78e+08,0,1.3e+10,0,1.41e+09
OMM11-I46_E1_APF_W2,0,0,0,1.37e+09,40400000,30800000,3.9e+08,0,1.3e+10,0,2.1e+09
OMM11-I46_E1_APF_W3,0,0,0,9.25e+08,2.8e+07,20200000,2.32e+08,0,8.43e+09,0,1.24e+09
OMM11-I49_E1_APF_W1,0,0,0,7.15e+08,25600000,30100000,2.6e+08,0,8.2e+09,0,5.54e+08
OMM11-I49_E1_APF_W2,0,0,0,7.95e+08,1.8e+07,23500000,1.8e+08,6450000,7.03e+09,0,6.22e+08
OMM11-I49_E1_APF_W3,0,0,0,7.45e+08,17600000,11400000,1.05e+08,2.2e+07,6.47e+09,0,6.8e+08
OMM11-YL58_E1_APF_W1,1.53e+08,0,0,35500000,38400000,53300000,2.92e+08,745000,6.87e+09,0,0
OMM11-YL58_E1_APF_W2,71500000,0,0,71500000,34200000,62300000,2.23e+08,37500000,6.43e+09,0,0
OMM11-YL58_E1_APF_W3,5.6e+07,0,0,0,22200000,37300000,1.09e+08,219000,3.63e+09,0,0
OMM11-KB1_E2_APF_W1,0,16400000,0,2.99e+08,6080000,4470000,1.22e+08,1.02e+08,1.08e+09,3830000,3.8e+08
OMM11-KB1_E2_APF_W2,0,17700000,0,4.32e+08,9900000,9070000,1.06e+08,1.59e+08,2.37e+09,17500000,4.04e+08
OMM11-KB1_E2_APF_W3,0,46300000,0,3.5e+08,8300000,6870000,6450000,33500000,1.7e+09,11600000,6.02e+08
OMM11-KB18_E2_APF_W1,81300000,0,0,6.05e+08,2.5e+07,27500000,18700000,40300000,2.98e+09,0,7.6e+08
OMM11-KB18_E2_APF_W2,4.4e+08,0,0,4.38e+08,19300000,19300000,3570000,10300000,1.99e+09,0,5.18e+08
OMM11-KB18_E2_APF_W3,53500000,0,0,4.56e+08,18600000,29200000,0,17200000,3.07e+09,0,4.96e+08
OMM11-YL2_E2_APF_W1,68800000,0,0,6.55e+08,27400000,2.1e+07,0,18300000,4.17e+09,0,7.56e+08
OMM11-YL2_E2_APF_W2,56300000,0,0,4.66e+08,18900000,24700000,0,15700000,2.7e+09,0,7.4e+08
OMM11-YL2_E2_APF_W3,1.38e+08,0,0,6.05e+08,26400000,1.6e+07,0,5.2e+07,3.87e+09,0,7.7e+08
OMM11-YL27_E2_APF_W1,1.1e+08,0,0,5.35e+08,25400000,19400000,0,18200000,3.15e+09,0,5.74e+08
OMM11-YL27_E2_APF_W2,51500000,0,0,1.29e+08,8900000,4670000,468000,5900000,6.93e+08,0,1.66e+08
OMM11-YL27_E2_APF_W3,84800000,0,0,5.2e+08,20400000,12600000,0,18500000,3.07e+09,0,4.24e+08
OMM11-YL31_E2_APF_W1,1e+08,0,0,0,36600000,63700000,2.02e+08,5.6e+07,4.6e+09,0,4.22e+08
OMM11-YL31_E2_APF_W3,60300000,0,0,0,41200000,9.2e+07,75300000,6.9e+07,2.82e+09,0,4.02e+08
OMM11-YL32_E2_APF_W1,85800000,0,0,2.77e+08,0,21400000,75200000,14200000,2.63e+09,0,3.14e+08
OMM11-YL32_E2_APF_W2,8800000,0,0,1.9e+08,0,16100000,41800000,4280000,1.69e+09,0,1.55e+08
OMM11-YL32_E2_APF_W3,22600000,0,0,1.36e+08,0,10100000,11800000,5e+06,1.1e+09,0,1.43e+08
OMM11-YL44_E2_APF_W1,24200000,0,0,2.43e+08,16900000,0,1.06e+08,9180000,2.13e+09,0,1.59e+08
OMM11-YL44_E2_APF_W2,21400000,0,0,2.19e+08,11900000,0,22700000,6230000,1.56e+09,0,1.73e+08
OMM11-YL44_E2_APF_W3,34300000,0,0,2.28e+08,16300000,0,63700000,11600000,2.17e+09,0,1.6e+08
OMM11-YL45_E2_APF_W1,49500000,0,0,5.05e+08,2.1e+07,14400000,0,13300000,3.6e+09,0,2.54e+08
OMM11-YL45_E2_APF_W2,6830000,0,0,1.24e+08,7660000,4400000,0,3230000,7.93e+08,0,70800000
OMM11-YL45_E2_APF_W3,31800000,0,0,3.48e+08,1.6e+07,21100000,0,16700000,2.27e+09,0,3.6e+08
OMM11-I46_E2_APF_W1,71800000,0,0,3.96e+08,28800000,14700000,1730000,0,4.13e+09,0,4.2e+08
OMM11-I46_E2_APF_W2,1.09e+08,0,0,4.57e+08,29800000,15600000,618000,0,4.07e+09,0,5.14e+08
OMM11-I46_E2_APF_W3,1.14e+08,0,0,3.3e+08,19100000,12500000,0,0,3.08e+09,0,4.92e+08
OMM11-I48_E2_APF_W1,1.16e+08,0,4.08e+08,9.15e+08,61200000,9.5e+07,1.43e+08,7.9e+07,0,0,2.2e+09
OMM11-I48_E2_APF_W2,46300000,0,2.26e+08,4.29e+08,3.3e+07,53300000,81500000,4.3e+07,0,0,9.3e+08
OMM11-I48_E2_APF_W3,1.75e+08,0,3.03e+08,6.4e+08,43200000,80700000,1.24e+08,78500000,0,0,1.24e+09
OMM11-I49_E2_APF_W1,18300000,0,0,1.98e+08,17200000,7100000,482000,0,1.58e+09,0,1.56e+08
OMM11-I49_E2_APF_W2,48500000,0,0,3.48e+08,18500000,17700000,653000,2190000,2.84e+09,0,2.04e+08
OMM11-I49_E2_APF_W3,1.05e+08,0,0,3.6e+08,20600000,14500000,1160000,210000,2.78e+09,0,3.8e+08
OMM11-YL58_E2_APF_W2,9.4e+07,0,0,2550000,3.7e+07,22800000,15100000,22600000,2.2e+09,0,0
OMM11-YL58_E2_APF_W3,1.68e+08,0,0,0,4e+07,21500000,20500000,820000,2.45e+09,0,0
OMM12_E2_APF_W1,48800000,0,0,3.55e+08,13400000,15800000,0,12100000,2.44e+09,0,5.06e+08
OMM12_E2_APF_W2,32300000,0,0,3.91e+08,14300000,22100000,0,16800000,2.44e+09,0,4.48e+08
OMM12_E2_APF_W3,1.11e+08,0,0,4.95e+08,16400000,30500000,0,8400000,3.77e+09,0,6.7e+08
OMM12_S1new_APF_W1,1.92e+08,0,0,1.39e+09,58300000,22400000,85600000,1700000,6.58e+09,0,1.72e+09
OMM12_S1new_APF_W2,2.76e+08,0,0,1.54e+09,72700000,20900000,65700000,10700000,7.34e+09,0,1.6e+09
OMM12_S1new_APF_W3,1.79e+08,0,0,1.09e+09,52200000,14600000,39900000,43200000,5.83e+09,0,1.26e+09
OMM11-I48_S1new_APF_W1,2.03e+08,0,4.4e+08,1.17e+09,54300000,1.03e+08,1.55e+08,47700000,2920000,0,1.38e+09
OMM11-I48_S1new_APF_W2,1.88e+08,0,5.27e+08,1.41e+09,66300000,1.71e+08,2.01e+08,46800000,0,0,1.53e+09
OMM11-I48_S1new_APF_W3,3.31e+08,0,3.18e+08,8.66e+08,43600000,94200000,1.21e+08,10900000,0,0,5.82e+08
