sample_id,AM,BA,BOB,BOV,BT,EC,FP,LB,LJ
pair_['LB' 'LJ']_1,0.0,0.0,0.0,0.0,0.0,0.0,0.0,0.588232621535665,1.0586106172212344
pair_['LB' 'LJ']_2,0.0,0.0,0.0,0.0,0.0,0.0,0.0,0.6551908223534753,1.1528956057912116
pair_['LB' 'LJ']_3,0.0,0.0,0.0,0.0,0.0,0.0,0.0,0.6032371649250337,1.0838963677927358
pair_['LB' 'LJ']_4,0.0,0.0,0.0,0.0,0.0,0.0,0.0,0.6402885052248973,1.1279400558801118
pair_['FP' 'LJ']_1,0.0,0.0,0.0,0.0,0.0,0.0,1.9306948109058926,0.0,0.4293243586487175
pair_['FP' 'LJ']_2,0.0,0.0,0.0,0.0,0.0,0.0,2.1460861917326306,0.0,0.5198755397510798
pair_['FP' 'LJ']_3,0.0,0.0,0.0,0.0,0.0,0.0,1.9779683377308712,0.0,0.460706121412243
pair_['FP' 'LJ']_4,0.0,0.0,0.0,0.0,0.0,0.0,2.0994283201407216,0.0,0.4887477774955552
pair_['FP' 'LB']_1,0.0,0.0,0.0,0.0,0.0,0.0,1.1423043095866314,1.395218082689686,0.0
pair_['FP' 'LB']_2,0.0,0.0,0.0,0.0,0.0,0.0,1.335576077396659,1.452669241253975,0.0
pair_['FP' 'LB']_3,0.0,0.0,0.0,0.0,0.0,0.0,1.1840369393139853,1.411597001363017,0.0
pair_['FP' 'LB']_4,0.0,0.0,0.0,0.0,0.0,0.0,1.2941732629727352,1.4364039073148565,0.0
pair_['EC' 'LJ']_1,0.0,0.0,0.0,0.0,0.0,1.3808198810535255,0.0,0.0,1.2186436372872747
pair_['EC' 'LJ']_2,0.0,0.0,0.0,0.0,0.0,1.4350785896346643,0.0,0.0,1.2421132842265685
pair_['EC' 'LJ']_3,0.0,0.0,0.0,0.0,0.0,1.393861512319456,0.0,0.0,1.2167894335788672
pair_['EC' 'LJ']_4,0.0,0.0,0.0,0.0,0.0,1.4221962616822426,0.0,0.0,1.2439674879349762
pair_['EC' 'LB']_1,0.0,0.0,0.0,0.0,0.0,1.3366503823279523,0.0,1.378305315765561,0.0
pair_['EC' 'LB']_2,0.0,0.0,0.0,0.0,0.0,1.3727591333899742,0.0,1.4657314856883235,0.0
pair_['EC' 'LB']_3,0.0,0.0,0.0,0.0,0.0,1.3499256584536956,0.0,1.404827351203998,0.0
pair_['EC' 'LB']_4,0.0,0.0,0.0,0.0,0.0,1.3595050977060321,0.0,1.4393343934575193,0.0
pair_['EC' 'FP']_1,0.0,0.0,0.0,0.0,0.0,0.35609600679694114,0.5098724714160069,0.0,0.0
pair_['EC' 'FP']_2,0.0,0.0,0.0,0.0,0.0,0.4308623619371281,0.7411609498680745,0.0,0.0
pair_['EC' 'FP']_3,0.0,0.0,0.0,0.0,0.0,0.37177145284621904,0.5447449428320139,0.0,0.0
pair_['EC' 'FP']_4,0.0,0.0,0.0,0.0,0.0,0.415399320305862,0.7067941952506599,0.0,0.0
pair_['BT' 'LJ']_1,0.0,0.0,0.0,0.0,1.399886033982594,0.0,0.0,0.0,0.7619380238760479
pair_['BT' 'LJ']_2,0.0,0.0,0.0,0.0,1.4940426854537918,0.0,0.0,0.0,0.8158115316230633
pair_['BT' 'LJ']_3,0.0,0.0,0.0,0.0,1.4244819726481557,0.0,0.0,0.0,0.7675133350266703
pair_['BT' 'LJ']_4,0.0,0.0,0.0,0.0,1.469840447575632,0.0,0.0,0.0,0.8103378206756415
pair_['BT' 'LB']_1,0.0,0.0,0.0,0.0,1.0441566514711977,0.0,0.0,0.9380736029077693,0.0
pair_['BT' 'LB']_2,0.0,0.0,0.0,0.0,1.1036883547451306,0.0,0.0,0.9660495229441162,0.0
pair_['BT' 'LB']_3,0.0,0.0,0.0,0.0,1.059935764608371,0.0,0.0,0.9375624716038164,0.0
pair_['BT' 'LB']_4,0.0,0.0,0.0,0.0,1.0880128470783255,0.0,0.0,0.9665720127214905,0.0
pair_['BT' 'FP']_1,0.0,0.0,0.0,0.0,1.022648155822627,0.0,0.28577396657871623,0.0,0.0
pair_['BT' 'FP']_2,0.0,0.0,0.0,0.0,1.0515230004144216,0.0,0.49738346525945554,0.0,0.0
pair_['BT' 'FP']_3,0.0,0.0,0.0,0.0,1.0270928305014504,0.0,0.31774406332453903,0.0,0.0
pair_['BT' 'FP']_4,0.0,0.0,0.0,0.0,1.0470886862826354,0.0,0.4658970976253306,0.0,0.0
pair_['BT' 'EC']_1,0.0,0.0,0.0,0.0,1.0836406962287608,0.25470475785896335,0.0,0.0,0.0
pair_['BT' 'EC']_2,0.0,0.0,0.0,0.0,1.1561748860339824,0.34894859813084095,0.0,0.0,0.0
pair_['BT' 'EC']_3,0.0,0.0,0.0,0.0,1.109417737256527,0.27658241291418845,0.0,0.0,0.0
pair_['BT' 'EC']_4,0.0,0.0,0.0,0.0,1.1305739743058432,0.32741079014443486,0.0,0.0,0.0
pair_['BOV' 'LJ']_1,0.0,0.0,0.0,1.127488546438984,0.0,0.0,0.0,0.0,1.5143256286512574
pair_['BOV' 'LJ']_2,0.0,0.0,0.0,1.2096209912536444,0.0,0.0,0.0,0.0,1.5938404876809755
pair_['BOV' 'LJ']_3,0.0,0.0,0.0,1.1533319450229071,0.0,0.0,0.0,0.0,1.5388112776225555
pair_['BOV' 'LJ']_4,0.0,0.0,0.0,1.1840274885464392,0.0,0.0,0.0,0.0,1.5696469392938788
pair_['BOV' 'LB']_1,0.0,0.0,0.0,1.6558725531028742,0.0,0.0,0.0,1.5879373012267146,0.0
pair_['BOV' 'LB']_2,0.0,0.0,0.0,1.6918783840066642,0.0,0.0,0.0,1.702862335302135,0.0
pair_['BOV' 'LB']_3,0.0,0.0,0.0,1.659933361099542,0.0,0.0,0.0,1.6176965015901859,0.0
pair_['BOV' 'LB']_4,0.0,0.0,0.0,1.6878384006663891,0.0,0.0,0.0,1.673534756928669,0.0
pair_['BOV' 'FP']_1,0.0,0.0,0.0,0.7443356934610581,0.0,0.0,0.373790677220757,0.0,0.0
pair_['BOV' 'FP']_2,0.0,0.0,0.0,0.8156809662640571,0.0,0.0,0.4695470536499561,0.0,0.0
pair_['BOV' 'FP']_3,0.0,0.0,0.0,0.7699500208246569,0.0,0.0,0.36242304309586765,0.0,0.0
pair_['BOV' 'FP']_4,0.0,0.0,0.0,0.7902332361516033,0.0,0.0,0.4810246262093227,0.0,0.0
pair_['BOV' 'EC']_1,0.0,0.0,0.0,0.9673469387755101,0.0,1.2359388275276124,0.0,0.0,0.0
pair_['BOV' 'EC']_2,0.0,0.0,0.0,1.0109537692628074,0.0,1.261055649957519,0.0,0.0,0.0
pair_['BOV' 'EC']_3,0.0,0.0,0.0,0.9721990837151191,0.0,1.238413338997451,0.0,0.0,0.0
pair_['BOV' 'EC']_4,0.0,0.0,0.0,1.0061432736359854,0.0,1.258612999150382,0.0,0.0,0.0
pair_['BOV' 'BT']_1,0.0,0.0,0.0,0.9047063723448564,1.467229589722337,0.0,0.0,0.0,0.0
pair_['BOV' 'BT']_2,0.0,0.0,0.0,0.9892544773011244,1.5028905926232903,0.0,0.0,0.0,0.0
pair_['BOV' 'BT']_3,0.0,0.0,0.0,0.9286547271970018,1.4819726481558226,0.0,0.0,0.0,0.0
pair_['BOV' 'BT']_4,0.0,0.0,0.0,0.965556018325698,1.4881889763779526,0.0,0.0,0.0,0.0
pair_['BOB' 'LJ']_1,0.0,0.0,1.0433107756376891,0.0,0.0,0.0,0.0,0.0,1.6230759461518924
pair_['BOB' 'LJ']_2,0.0,0.0,1.1680635085892768,0.0,0.0,0.0,0.0,0.0,1.665684531369063
pair_['BOB' 'LJ']_3,0.0,0.0,1.0649141072358148,0.0,0.0,0.0,0.0,0.0,1.6307467614935234
pair_['BOB' 'LJ']_4,0.0,0.0,1.1467811903522476,0.0,0.0,0.0,0.0,0.0,1.6580518161036326
pair_['BOB' 'LB']_1,0.0,0.0,1.9279975707097003,0.0,0.0,0.0,0.0,1.0915265788278055,0.0
pair_['BOB' 'LB']_2,0.0,0.0,1.9858667360749616,0.0,0.0,0.0,0.0,1.1369491140390733,0.0
pair_['BOB' 'LB']_3,0.0,0.0,1.9391723060905781,0.0,0.0,0.0,0.0,1.103952748750568,0.0
pair_['BOB' 'LB']_4,0.0,0.0,1.9747614089883747,0.0,0.0,0.0,0.0,1.1245797364834162,0.0
pair_['BOB' 'FP']_1,0.0,0.0,1.337306958181503,0.0,0.0,0.0,0.4934036939313984,0.0,0.0
pair_['BOB' 'FP']_2,0.0,0.0,1.44082942911678,0.0,0.0,0.0,0.612005277044855,0.0,0.0
pair_['BOB' 'FP']_3,0.0,0.0,1.375212562901267,0.0,0.0,0.0,0.518601583113457,0.0,0.0
pair_['BOB' 'FP']_4,0.0,0.0,1.4032014575741805,0.0,0.0,0.0,0.5869393139841695,0.0,0.0
pair_['BOB' 'EC']_1,0.0,0.0,0.7358233558910294,0.0,0.0,0.5214103653355987,0.0,0.0,0.0
pair_['BOB' 'EC']_2,0.0,0.0,0.8294898490369603,0.0,0.0,0.5783028887000845,0.0,0.0,0.0
pair_['BOB' 'EC']_3,0.0,0.0,0.0,0.0,0.0,0.5344838572642309,0.0,0.0,0.0
pair_['BOB' 'EC']_4,0.0,0.0,0.0,0.0,0.0,0.565346219201359,0.0,0.0,0.0
pair_['BOB' 'BT']_1,0.0,0.0,0.4885910116258895,0.0,1.235308744301699,0.0,0.0,0.0,0.0
pair_['BOB' 'BT']_2,0.0,0.0,0.5351292729481175,0.0,1.3090240364691255,0.0,0.0,0.0,0.0
pair_['BOB' 'BT']_3,0.0,0.0,0.5042859621724793,0.0,1.2468089515126397,0.0,0.0,0.0,0.0
pair_['BOB' 'BT']_4,0.0,0.0,0.5194863786222454,0.0,1.2977414007459591,0.0,0.0,0.0,0.0
pair_['BOB' 'BOV']_1,0.0,0.0,0.8256637168141596,0.16976259891711806,0.0,0.0,0.0,0.0,0.0
pair_['BOB' 'BOV']_2,0.0,0.0,0.8960697553357632,0.2661807580174931,0.0,0.0,0.0,0.0,0.0
pair_['BOB' 'BOV']_3,0.0,0.0,0.8361530452889123,0.20054144106622263,0.0,0.0,0.0,0.0,0.0
pair_['BOB' 'BOV']_4,0.0,0.0,0.8856411591185148,0.23567263640149985,0.0,0.0,0.0,0.0,0.0
pair_['BA' 'LJ']_1,0.0,2.1429455909943718,0.0,0.0,0.0,0.0,0.0,0.0,1.0619253238506476
pair_['BA' 'LJ']_2,0.0,2.197016885553471,0.0,0.0,0.0,0.0,0.0,0.0,1.152159004318009
pair_['BA' 'LJ']_3,0.0,2.169981238273921,0.0,0.0,0.0,0.0,0.0,0.0,1.0778892557785118
pair_['BA' 'LJ']_4,0.0,0.0,0.0,0.0,0.0,0.0,0.0,0.0,1.1364871729743462
pair_['BA' 'LB']_1,0.0,0.9127204502814257,0.0,0.0,0.0,0.0,0.0,0.28627896410722425,0.0
pair_['BA' 'LB']_2,0.0,1.0201688555347093,0.0,0.0,0.0,0.0,0.0,0.359711494775102,0.0
pair_['BA' 'LB']_3,0.0,0.947711069418386,0.0,0.0,0.0,0.0,0.0,0.3032030895047701,0.0
pair_['BA' 'LB']_4,0.0,0.9854971857410884,0.0,0.0,0.0,0.0,0.0,0.3428668786915038,0.0
pair_['BA' 'FP']_1,0.0,0.5823076923076923,0.0,0.0,0.0,0.0,1.627352682497802,0.0,0.0
pair_['BA' 'FP']_2,0.0,0.7282926829268289,0.0,0.0,0.0,0.0,1.7751978891820595,0.0,0.0
pair_['BA' 'FP']_3,0.0,0.6263789868667916,0.0,0.0,0.0,0.0,1.656926121372033,0.0,0.0
pair_['BA' 'FP']_4,0.0,0.6846904315196998,0.0,0.0,0.0,0.0,1.7458883025505718,0.0,0.0
pair_['BA' 'EC']_1,0.0,0.672007504690431,0.0,0.0,0.0,0.5253398470688186,0.0,0.0,0.0
pair_['BA' 'EC']_2,0.0,0.7051031894934331,0.0,0.0,0.0,0.58285896346644,0.0,0.0,0.0
pair_['BA' 'EC']_3,0.0,0.6771482176360221,0.0,0.0,0.0,0.5368627867459639,0.0,0.0,0.0
pair_['BA' 'EC']_4,0.0,0.6999624765478422,0.0,0.0,0.0,0.5714634664401016,0.0,0.0,0.0
pair_['BA' 'BT']_1,0.0,1.0634709193245775,0.0,0.0,1.2963945296311645,0.0,0.0,0.0,0.0
pair_['BA' 'BT']_2,0.0,1.1778236397748592,0.0,0.0,1.347503108164111,0.0,0.0,0.0,0.0
pair_['BA' 'BT']_3,0.0,1.0852720450281421,0.0,0.0,1.3069312059676748,0.0,0.0,0.0,0.0
pair_['BA' 'BT']_4,0.0,1.1563789868667915,0.0,0.0,1.3370803978450059,0.0,0.0,0.0,0.0
pair_['BA' 'BOV']_1,0.0,2.0380863039399624,0.0,0.4777384423157019,0.0,0.0,0.0,0.0,0.0
pair_['BA' 'BOV']_2,0.0,2.0669606003752343,0.0,0.5665972511453563,0.0,0.0,0.0,0.0,0.0
pair_['BA' 'BOV']_3,0.0,2.039305816135084,0.0,0.49660558100791385,0.0,0.0,0.0,0.0,0.0
pair_['BA' 'BOV']_4,0.0,2.0657598499061915,0.0,0.5479591836734693,0.0,0.0,0.0,0.0,0.0
pair_['BA' 'BOB']_1,0.0,0.9476172607879922,0.03227485684539302,0.0,0.0,0.0,0.0,0.0,0.0
pair_['BA' 'BOB']_2,0.0,1.0042589118198872,0.15988200589970475,0.0,0.0,0.0,0.0,0.0,0.0
pair_['BA' 'BOB']_3,0.0,0.9657410881801121,0.08504251258025303,0.0,0.0,0.0,0.0,0.0,0.0
pair_['BA' 'BOB']_4,0.0,0.9861726078799249,0.10740933541558212,0.0,0.0,0.0,0.0,0.0,0.0
pair_['AM' 'LJ']_1,0.8849171924290226,0.0,0.0,0.0,0.0,0.0,0.0,0.0,0.8482346964693932
pair_['AM' 'LJ']_2,1.0429416403785488,0.0,0.0,0.0,0.0,0.0,0.0,0.0,0.950736601473203
pair_['AM' 'LJ']_3,0.9207216088328086,0.0,0.0,0.0,0.0,0.0,0.0,0.0,0.8771145542291087
pair_['AM' 'LJ']_4,1.0075118296529975,0.0,0.0,0.0,0.0,0.0,0.0,0.0,0.9222250444500891
pair_['AM' 'LB']_1,2.6413249211356478,0.0,0.0,0.0,0.0,0.0,0.0,0.9939232167196731,0.0
pair_['AM' 'LB']_2,2.7770701892744487,0.0,0.0,0.0,0.0,0.0,0.0,1.069559291231258,0.0
pair_['AM' 'LB']_3,2.6658714511041017,0.0,0.0,0.0,0.0,0.0,0.0,1.0260790549750114,0.0
pair_['AM' 'LB']_4,2.752898264984228,0.0,0.0,0.0,0.0,0.0,0.0,1.0375283961835529,0.0
pair_['AM' 'FP']_1,0.17383675078864397,0.0,0.0,0.0,0.0,0.0,0.6599604221635884,0.0,0.0
pair_['AM' 'FP']_2,0.36352523659306024,0.0,0.0,0.0,0.0,0.0,0.8437994722955149,0.0,0.0
pair_['AM' 'FP']_3,0.23028391167192555,0.0,0.0,0.0,0.0,0.0,0.7017590149516273,0.0,0.0
pair_['AM' 'FP']_4,0.3075709779179815,0.0,0.0,0.0,0.0,0.0,0.8021987686895343,0.0,0.0
pair_['AM' 'EC']_1,0.014688485804416493,0.0,0.0,0.0,0.0,0.6923959218351738,0.0,0.0,0.0
pair_['AM' 'EC']_2,0.2424881703470033,0.0,0.0,0.0,0.0,0.7251593033135088,0.0,0.0,0.0
pair_['AM' 'EC']_3,0.09061514195583631,0.0,0.0,0.0,0.0,0.6959005947323702,0.0,0.0,0.0
pair_['AM' 'EC']_4,0.16727129337539534,0.0,0.0,0.0,0.0,0.7216864910790142,0.0,0.0,0.0
pair_['AM' 'BT']_1,0.04656940063091557,0.0,0.0,0.0,1.2777869871529215,0.0,0.0,0.0,0.0
pair_['AM' 'BT']_2,0.19759463722397516,0.0,0.0,0.0,1.3205967675093244,0.0,0.0,0.0,0.0
pair_['AM' 'BT']_3,0.0761041009463728,0.0,0.0,0.0,1.2919394944053042,0.0,0.0,0.0,0.0
pair_['AM' 'BT']_4,0.1683753943217678,0.0,0.0,0.0,1.306485702445089,0.0,0.0,0.0,0.0
pair_['AM' 'BOV']_1,2.2513012618296537,0.0,0.0,1.0744897959183677,0.0,0.0,0.0,0.0,0.0
pair_['AM' 'BOV']_2,2.4240141955835965,0.0,0.0,1.1037276134943774,0.0,0.0,0.0,0.0,0.0
pair_['AM' 'BOV']_3,2.3128746056782346,0.0,0.0,1.0820907955018746,0.0,0.0,0.0,0.0,0.0
pair_['AM' 'BOV']_4,2.3629929022082026,0.0,0.0,1.096168263223657,0.0,0.0,0.0,0.0,0.0
pair_['AM' 'BOB']_1,2.961829652996846,0.0,0.8776158250910985,0.0,0.0,0.0,0.0,0.0,0.0
pair_['AM' 'BOB']_2,3.055323343848581,0.0,0.9723234426513969,0.0,0.0,0.0,0.0,0.0,0.0
pair_['AM' 'BOB']_3,2.9927050473186125,0.0,0.0,0.0,0.0,0.0,0.0,0.0,0.0
pair_['AM' 'BOB']_4,3.0246451104100953,0.0,0.0,0.0,0.0,0.0,0.0,0.0,0.0
pair_['AM' 'BA']_1,0.20276025236593156,0.9128142589118194,0.0,0.0,0.0,0.0,0.0,0.0,0.0
pair_['AM' 'BA']_2,0.39609621451104104,0.9648030018761723,0.0,0.0,0.0,0.0,0.0,0.0,0.0
pair_['AM' 'BA']_3,0.23828864353312385,0.9157786116322701,0.0,0.0,0.0,0.0,0.0,0.0,0.0
pair_['AM' 'BA']_4,0.36108044164037895,0.9618949343339586,0.0,0.0,0.0,0.0,0.0,0.0,0.0
higher_a_1_1,0.14039826498422844,0.0,0.0,0.0,0.0,0.06869158878504661,0.39681178540017675,0.0,0.1666243332486671
higher_a_1_2,0.22983044164037875,0.0,0.0,0.0,0.0,0.10098768054375501,0.4753737906772205,0.0,0.201066802133604
higher_a_2_1,0.3254731861198746,0.0,0.0,0.0,0.0,0.05824129141886085,0.0,0.24221944570649626,0.27025654051308107
higher_a_2_2,0.33651419558359646,0.0,0.0,0.0,0.0,0.028887000849617508,0.0,0.2271808268968646,0.30166370332740655
higher_a_3_1,0.2772673501577304,0.0,0.0,0.28810912119950055,0.0,0.10276125743415435,0.0,0.0,0.2814198628397254
higher_a_3_2,0.2904771293375398,0.0,0.0,0.28575593502707197,0.0,0.11726847918436689,0.0,0.0,0.2851409702819411
higher_a_4_1,0.0,0.0,0.0,0.4924822990420663,0.10852673021135437,0.0,0.0,0.0,0.37713995427990854
higher_a_4_2,0.0,0.0,0.0,0.4786963765097877,0.09751346871114742,0.0,0.0,0.0,0.373952247904496
higher_a_5_1,0.0,0.0,0.0,0.0,0.0,0.02920560747663536,0.38372911169745033,0.2431167651067696,0.2773431546863096
higher_a_5_2,0.0,0.0,0.0,0.0,0.0,0.009027187765505613,0.43788478452066887,0.25059064061790043,0.2652146304292609
higher_a_6_1,0.09266561514195701,0.0,0.0,0.0,0.0,0.09385089209855538,0.4927440633245382,0.27252385279418406,0.0
higher_a_6_2,0.05701892744479515,0.0,0.0,0.0,0.0,0.0728440951571789,0.37781442392260317,0.27708995910949513,0.0
higher_a_7_1,0.0,0.0,0.0,0.6003956684714701,0.0,0.11108751062022083,0.0,0.08279191276692366,0.1837439674879354
higher_a_7_2,0.0,0.0,0.0,0.6142648896293211,0.0,0.11135301614273546,0.0,0.08033848250795053,0.15666751333502701
higher_b_1_1,0.0,0.0,0.0,0.0,0.4465084956485702,0.29295879354290544,0.0,0.0,0.1976250952501906
higher_b_1_2,0.0,0.0,0.0,0.0,0.44274761707418103,0.28690526762956625,0.0,0.0,0.1934213868427741
higher_b_2_1,0.30488958990536386,0.0,0.0,0.0,0.0,0.446346644010195,0.0,0.0,0.1891795783591571
higher_b_2_2,0.32858832807571026,0.0,0.0,0.0,0.0,0.43589634664401,0.0,0.0,0.1835153670307341
higher_b_3_1,0.0,0.0,0.0,0.0,0.5024036469125573,0.4551720475785894,0.0,0.0,0.0
higher_b_3_2,0.0,0.0,0.0,0.0,0.5146290924160795,0.4612361937128288,0.0,0.0,0.0
higher_b_4_1,0.0,0.0,0.0,0.0,0.41006009117281345,0.27879141886151193,0.0,0.0,0.20824231648463268
higher_b_4_2,0.0,0.0,0.0,0.0,0.4197472026522994,0.28942225998300736,0.0,0.0,0.20374650749301526
