analysis_set,design,taxon_fraction,method,valid_repeats,mean_calibration_pairs,mean_auprc,sd_auprc,mean_auroc,sd_auroc
butyrate_assembly_2021,distributed_pairs,0.2,Mean rank,132,4.6893939393939394,0.7419495497061889,0.01236119448418593,0.5472279994333406,0.014466392780363865
butyrate_assembly_2021,distributed_pairs,0.2,PLNNetwork,132,4.6893939393939394,0.7878077729482491,0.010815216763989432,0.5743367228839917,0.01311967861858485
butyrate_assembly_2021,distributed_pairs,0.2,Poisson GLMNet,132,4.6893939393939394,0.6779378388058078,0.01357857400561941,0.4228351644314386,0.013858297825427385
butyrate_assembly_2021,distributed_pairs,0.2,SPIEC-EASI,132,4.6893939393939394,0.7333388966416652,0.009416573266139582,0.506426489350997,0.001750382280564381
butyrate_assembly_2021,distributed_pairs,0.2,SparCC,132,4.6893939393939394,0.8126449618468352,0.00951287592876702,0.5923471865460738,0.012341542353372018
butyrate_assembly_2021,distributed_pairs,0.4,Mean rank,186,14.951612903225806,0.743490185995892,0.025682697485674113,0.5467679364149679,0.02678454752758786
butyrate_assembly_2021,distributed_pairs,0.4,PLNNetwork,186,14.951612903225806,0.7875147583673819,0.02120004673425364,0.5726127650633344,0.023485598075243565
butyrate_assembly_2021,distributed_pairs,0.4,Poisson GLMNet,186,14.951612903225806,0.6808096583694943,0.024581053450492954,0.42466043868832726,0.025552706050055232
butyrate_assembly_2021,distributed_pairs,0.4,SPIEC-EASI,186,14.951612903225806,0.7336985435850806,0.017843824793617024,0.5065981839345017,0.0027103497877788603
butyrate_assembly_2021,distributed_pairs,0.4,SparCC,186,14.951612903225806,0.8126417104073493,0.020156973567866065,0.5910333871993199,0.022874291588534164
butyrate_assembly_2021,distributed_pairs,0.6,Mean rank,185,37.22702702702703,0.7498633768389464,0.0476445727810605,0.5465542023718877,0.05137464813432553
butyrate_assembly_2021,distributed_pairs,0.6,PLNNetwork,185,37.22702702702703,0.7867104297333622,0.040358709031843916,0.5676441834265042,0.044271544280145535
butyrate_assembly_2021,distributed_pairs,0.6,Poisson GLMNet,185,37.22702702702703,0.6892245178747676,0.05010096182767198,0.4262038054883781,0.053144730546420334
butyrate_assembly_2021,distributed_pairs,0.6,SPIEC-EASI,185,37.22702702702703,0.7355514796614535,0.034533701773250075,0.5066563570695388,0.005037676429736793
butyrate_assembly_2021,distributed_pairs,0.6,SparCC,185,37.22702702702703,0.8169489663667603,0.03962426142248708,0.5936264258200264,0.04785028031577446
butyrate_assembly_2021,taxon_panel,0.2,Mean rank,132,4.6893939393939394,0.7292428333811447,0.09265168315393878,0.5388305120562075,0.045629091449139556
butyrate_assembly_2021,taxon_panel,0.2,PLNNetwork,132,4.6893939393939394,0.7706162181918559,0.07483885656809543,0.5581590021682697,0.05648594841026939
butyrate_assembly_2021,taxon_panel,0.2,Poisson GLMNet,132,4.6893939393939394,0.6746468619867831,0.10548863026014907,0.4348224871175035,0.08041953815210197
butyrate_assembly_2021,taxon_panel,0.2,SPIEC-EASI,132,4.6893939393939394,0.7186021053234998,0.08421033348983911,0.50695170713007,0.006004879897271636
butyrate_assembly_2021,taxon_panel,0.2,SparCC,132,4.6893939393939394,0.7929290800937756,0.08003613094562884,0.5810152046260735,0.038104954842792596
butyrate_assembly_2021,taxon_panel,0.4,Mean rank,186,14.951612903225806,0.7735627537537437,0.13656072989964785,0.5622493002907363,0.0880574702809159
butyrate_assembly_2021,taxon_panel,0.4,PLNNetwork,186,14.951612903225806,0.7892875493419982,0.127441990227083,0.5408825605943485,0.10648722075965845
butyrate_assembly_2021,taxon_panel,0.4,Poisson GLMNet,186,14.951612903225806,0.7341593382632582,0.14462097051944958,0.4942839122032345,0.13148283031791777
butyrate_assembly_2021,taxon_panel,0.4,SPIEC-EASI,186,14.951612903225806,0.739133555870522,0.14107544464202668,0.5059245718435313,0.009809750492042605
butyrate_assembly_2021,taxon_panel,0.4,SparCC,186,14.951612903225806,0.8168893100064288,0.12921618618195443,0.5887705351158075,0.07855271076099492
butyrate_assembly_2021,taxon_panel,0.6,Mean rank,169,36.19526627218935,0.7476819949204314,0.17878589162388658,0.5346924853588013,0.15096891252135247
butyrate_assembly_2021,taxon_panel,0.6,PLNNetwork,169,36.19526627218935,0.7516695298349934,0.18497351010232302,0.5196609740665016,0.17216549794396174
butyrate_assembly_2021,taxon_panel,0.6,Poisson GLMNet,169,36.19526627218935,0.73242798952215,0.17308894432740568,0.5041661303750917,0.22856410056096618
butyrate_assembly_2021,taxon_panel,0.6,SPIEC-EASI,169,36.19526627218935,0.6897956033662506,0.19693446541687534,0.5072075398537056,0.018778961554612183
butyrate_assembly_2021,taxon_panel,0.6,SparCC,169,36.19526627218935,0.7781165903157056,0.18013367514279197,0.5389048113382154,0.1654294458324714
carlstrom_phyllosphere_2019,distributed_pairs,0.2,Mean rank,200,36.4,0.12577440242470714,0.0035747676197241274,0.47369905264421747,0.005488658338787913
carlstrom_phyllosphere_2019,distributed_pairs,0.2,PLNNetwork,200,36.4,0.12418171221446955,0.001960545381029663,0.5,0.0
carlstrom_phyllosphere_2019,distributed_pairs,0.2,Poisson GLMNet,200,36.4,0.1434911197739516,0.003315133191289811,0.5207949353720924,0.002503723890248639
carlstrom_phyllosphere_2019,distributed_pairs,0.2,SPIEC-EASI,200,36.4,0.1339112325510117,0.0030163455202584766,0.5035584898179316,0.0016726797140108076
carlstrom_phyllosphere_2019,distributed_pairs,0.2,SparCC,200,36.4,0.11709466261433951,0.003248257557086836,0.4525867970242799,0.005461363560189893
carlstrom_phyllosphere_2019,distributed_pairs,0.4,Mean rank,200,151.795,0.12641527960359564,0.00637393779648756,0.4730552866143611,0.010475854802859107
carlstrom_phyllosphere_2019,distributed_pairs,0.4,PLNNetwork,200,151.795,0.1240674185974936,0.004444297631270383,0.5,0.0
carlstrom_phyllosphere_2019,distributed_pairs,0.4,Poisson GLMNet,200,151.795,0.14409057139599818,0.0069393758932666935,0.5203510647452428,0.005268743655786097
carlstrom_phyllosphere_2019,distributed_pairs,0.4,SPIEC-EASI,200,151.795,0.13475465018275778,0.005659635416409496,0.5038573302194865,0.00324937614154996
carlstrom_phyllosphere_2019,distributed_pairs,0.4,SparCC,200,151.795,0.11789627256794732,0.005785515612808359,0.45238919864160343,0.010478680025644664
carlstrom_phyllosphere_2019,distributed_pairs,0.6,Mean rank,200,352.145,0.12782689472074002,0.012888634988087296,0.4744819979990126,0.020665533426206906
carlstrom_phyllosphere_2019,distributed_pairs,0.6,PLNNetwork,200,352.145,0.12415764185293009,0.008001793558858463,0.5,0.0
carlstrom_phyllosphere_2019,distributed_pairs,0.6,Poisson GLMNet,200,352.145,0.14413621085929004,0.013294379967907489,0.5212192251275476,0.00875214881860229
carlstrom_phyllosphere_2019,distributed_pairs,0.6,SPIEC-EASI,200,352.145,0.13487880196938445,0.010344233925333868,0.5038996196344637,0.0056724696041299235
carlstrom_phyllosphere_2019,distributed_pairs,0.6,SparCC,200,352.145,0.11860493577199295,0.01150613447786458,0.4533927143782971,0.020002321498349157
carlstrom_phyllosphere_2019,taxon_panel,0.2,Mean rank,200,36.4,0.1282729118587889,0.022114589158908404,0.47507310408087955,0.02660036374431002
carlstrom_phyllosphere_2019,taxon_panel,0.2,PLNNetwork,200,36.4,0.12314839263253452,0.01935733894486503,0.5,0.0
carlstrom_phyllosphere_2019,taxon_panel,0.2,Poisson GLMNet,200,36.4,0.14620002929238507,0.021417211435771372,0.5211627949406094,0.015205335682525618
carlstrom_phyllosphere_2019,taxon_panel,0.2,SPIEC-EASI,200,36.4,0.13392141709885494,0.02017185643107098,0.5031181876243584,0.00511374784515188
carlstrom_phyllosphere_2019,taxon_panel,0.2,SparCC,200,36.4,0.1184413628491202,0.01894540289233782,0.45414824144762134,0.020950510479619825
carlstrom_phyllosphere_2019,taxon_panel,0.4,Mean rank,200,151.795,0.1364945158627409,0.03470850036687786,0.4772091957445347,0.04130055348086126
carlstrom_phyllosphere_2019,taxon_panel,0.4,PLNNetwork,200,151.795,0.12552819284187441,0.02824004532156134,0.5,0.0
carlstrom_phyllosphere_2019,taxon_panel,0.4,Poisson GLMNet,200,151.795,0.15385678970215808,0.03584714009812979,0.5240754602764103,0.02170544311472492
carlstrom_phyllosphere_2019,taxon_panel,0.4,SPIEC-EASI,200,151.795,0.14072167892836743,0.03143496512135225,0.5051000775137715,0.010095913111324739
carlstrom_phyllosphere_2019,taxon_panel,0.4,SparCC,200,151.795,0.12454689225134591,0.02955688666498291,0.4535807569135727,0.036795836208135396
carlstrom_phyllosphere_2019,taxon_panel,0.6,Mean rank,200,352.145,0.14121886941541897,0.06238167109133181,0.4642764063554696,0.08101631142571289
carlstrom_phyllosphere_2019,taxon_panel,0.6,PLNNetwork,200,352.145,0.12192913118409004,0.042767966379078745,0.5,0.0
carlstrom_phyllosphere_2019,taxon_panel,0.6,Poisson GLMNet,200,352.145,0.15178364013543694,0.05968476650604854,0.516527101014804,0.037912016039591274
carlstrom_phyllosphere_2019,taxon_panel,0.6,SPIEC-EASI,200,352.145,0.13773045893548172,0.047922834143649444,0.502219180718055,0.01724316441900414
carlstrom_phyllosphere_2019,taxon_panel,0.6,SparCC,200,352.145,0.12949687628695708,0.04898710227418653,0.4479270951829955,0.07426311534041406
friedman_microcosm_2017,distributed_pairs,0.2,Mean rank,200,6.0,0.6234286680287784,0.03362492625927899,0.5391403852806489,0.024818143677051832
friedman_microcosm_2017,distributed_pairs,0.2,PLNNetwork,200,6.0,0.6206013376461044,0.03285440757891792,0.5111386953690187,0.028565823329243713
friedman_microcosm_2017,distributed_pairs,0.2,Poisson GLMNet,200,6.0,0.6017928390743505,0.03456042321559422,0.48089836977354344,0.03812233769896101
friedman_microcosm_2017,distributed_pairs,0.2,SPIEC-EASI,200,6.0,0.5892978152760949,0.025281212843631686,0.4931440529737258,0.004236892100280323
friedman_microcosm_2017,distributed_pairs,0.2,SparCC,200,6.0,0.685299523990315,0.043710963105012005,0.5452055773164995,0.03262226336490482
friedman_microcosm_2017,distributed_pairs,0.4,Mean rank,200,6.0,0.6247076123340396,0.032016299919131914,0.5411550383246752,0.024308392196130433
friedman_microcosm_2017,distributed_pairs,0.4,PLNNetwork,200,6.0,0.6181709077476882,0.0335130619473187,0.5084462794590681,0.029707182387211057
friedman_microcosm_2017,distributed_pairs,0.4,Poisson GLMNet,200,6.0,0.6028228619310727,0.03211548629436533,0.48753141469696404,0.03481304796979442
friedman_microcosm_2017,distributed_pairs,0.4,SPIEC-EASI,200,6.0,0.5877435115761578,0.024310691353123963,0.49296396076061627,0.00408484957038171
friedman_microcosm_2017,distributed_pairs,0.4,SparCC,200,6.0,0.6875104448354454,0.042320297575604626,0.5469928146673695,0.033189065844091474
friedman_microcosm_2017,distributed_pairs,0.6,Mean rank,200,10.0,0.6245830751219483,0.05506990224570553,0.5419854671018887,0.037648435851514485
friedman_microcosm_2017,distributed_pairs,0.6,PLNNetwork,200,10.0,0.6202656035075187,0.05417436387758566,0.513709124682011,0.04017191411342264
friedman_microcosm_2017,distributed_pairs,0.6,Poisson GLMNet,200,10.0,0.5947607453663789,0.05197713575163819,0.4790664494514889,0.050885605817496585
friedman_microcosm_2017,distributed_pairs,0.6,SPIEC-EASI,200,10.0,0.5838535487681655,0.04243678600015359,0.4939543958377625,0.006128600648956372
friedman_microcosm_2017,distributed_pairs,0.6,SparCC,200,10.0,0.6827436176002531,0.06817263987617789,0.551382282924195,0.04684793774852525
friedman_microcosm_2017,taxon_panel,0.2,Mean rank,200,6.0,0.6413493882275132,0.11916489375449749,0.545932208994709,0.12020992467097733
friedman_microcosm_2017,taxon_panel,0.2,PLNNetwork,200,6.0,0.6191776785714286,0.12379805336343468,0.49580026455026455,0.11113474063182538
friedman_microcosm_2017,taxon_panel,0.2,Poisson GLMNet,200,6.0,0.6152638558201058,0.10778788839479152,0.49274669312169317,0.11163377771629583
friedman_microcosm_2017,taxon_panel,0.2,SPIEC-EASI,200,6.0,0.5826537698412698,0.09478604362241133,0.4916121031746032,0.0220475591519345
friedman_microcosm_2017,taxon_panel,0.2,SparCC,200,6.0,0.6491585813492065,0.13414051191125437,0.5258495370370371,0.12883874698094144
friedman_microcosm_2017,taxon_panel,0.4,Mean rank,200,6.0,0.6541549437830687,0.11580619839366058,0.560952380952381,0.10014529496960096
friedman_microcosm_2017,taxon_panel,0.4,PLNNetwork,200,6.0,0.6347988756613756,0.11021779949684796,0.5150859788359788,0.10540870732566233
friedman_microcosm_2017,taxon_panel,0.4,Poisson GLMNet,200,6.0,0.6066800595238095,0.10324734045523258,0.4876167328042328,0.12187226082591784
friedman_microcosm_2017,taxon_panel,0.4,SPIEC-EASI,200,6.0,0.5823412698412699,0.07856527986363734,0.4919246031746032,0.021717184440003708
friedman_microcosm_2017,taxon_panel,0.4,SparCC,200,6.0,0.6621270006613755,0.12615860529862677,0.5472000661375662,0.10960921500813961
friedman_microcosm_2017,taxon_panel,0.6,Mean rank,200,10.0,0.6451666666666667,0.18504013628931326,0.5517777777777778,0.2118772720481633
friedman_microcosm_2017,taxon_panel,0.6,PLNNetwork,200,10.0,0.6063958333333334,0.1574741286148246,0.48155555555555557,0.21105215315902745
friedman_microcosm_2017,taxon_panel,0.6,Poisson GLMNet,200,10.0,0.6194999999999999,0.15799010669504596,0.5115,0.16645576643299326
friedman_microcosm_2017,taxon_panel,0.6,SPIEC-EASI,200,10.0,0.5770833333333334,0.1439593037210917,0.493125,0.0400170739313877
friedman_microcosm_2017,taxon_panel,0.6,SparCC,200,10.0,0.6374583333333333,0.18403246757190161,0.5318055555555555,0.20098471639796978
schafer_phyllosphere_2022,distributed_pairs,0.2,Mean rank,191,62.717277486910994,0.2286004040781249,0.012955581221021032,0.9050847432681157,0.0033959703535802713
schafer_phyllosphere_2022,distributed_pairs,0.2,PLNNetwork,191,62.717277486910994,0.07801015974875639,0.005910493068790263,0.627731388523612,0.007717177480511243
schafer_phyllosphere_2022,distributed_pairs,0.2,Poisson GLMNet,191,62.717277486910994,0.08248183314055467,0.005782470534610201,0.6347198789014815,0.008657902873148238
schafer_phyllosphere_2022,distributed_pairs,0.2,SPIEC-EASI,191,62.717277486910994,0.02493966400502046,0.0008762284222000076,0.49932576194659434,0.0001011577658015658
schafer_phyllosphere_2022,distributed_pairs,0.2,SparCC,191,62.717277486910994,0.1269247895365773,0.005125873865880882,0.8886358551151575,0.004116526300423671
schafer_phyllosphere_2022,distributed_pairs,0.4,Mean rank,200,244.47,0.22934857486929475,0.0284578976098562,0.9048610389436307,0.0070041081233452
schafer_phyllosphere_2022,distributed_pairs,0.4,PLNNetwork,200,244.47,0.07956985331266765,0.014362803549191113,0.626536916090402,0.01792354590842584
schafer_phyllosphere_2022,distributed_pairs,0.4,Poisson GLMNet,200,244.47,0.08437024368315235,0.013160410940906597,0.6352435327028872,0.01812389476630894
schafer_phyllosphere_2022,distributed_pairs,0.4,SPIEC-EASI,200,244.47,0.02487322013405077,0.0018170293367369842,0.49935167839704575,0.00022937636030854257
schafer_phyllosphere_2022,distributed_pairs,0.4,SparCC,200,244.47,0.12831455417825607,0.010722698952862203,0.889510221595414,0.00977549100607082
schafer_phyllosphere_2022,distributed_pairs,0.6,Mean rank,200,542.39,0.23045105875577032,0.047019898520737895,0.9037393617847803,0.01252729296361562
schafer_phyllosphere_2022,distributed_pairs,0.6,PLNNetwork,200,542.39,0.08456782216605845,0.0214470408622669,0.6274680940217935,0.028773520302997558
schafer_phyllosphere_2022,distributed_pairs,0.6,Poisson GLMNet,200,542.39,0.08850930109613829,0.02439974272790861,0.6316108854151574,0.03217163240990296
schafer_phyllosphere_2022,distributed_pairs,0.6,SPIEC-EASI,200,542.39,0.02501585536226727,0.0030640166347856296,0.49931473632113116,0.00036148759132019525
schafer_phyllosphere_2022,distributed_pairs,0.6,SparCC,200,542.39,0.12931305997310003,0.019597743032650335,0.8876233310442779,0.016786605151837067
schafer_phyllosphere_2022,taxon_panel,0.2,Mean rank,191,62.717277486910994,0.23598184362444885,0.050873247319428876,0.9085349211046019,0.019172392895167065
schafer_phyllosphere_2022,taxon_panel,0.2,PLNNetwork,191,62.717277486910994,0.08392444500504695,0.023297498445815887,0.6273004113295549,0.0315815085845327
schafer_phyllosphere_2022,taxon_panel,0.2,Poisson GLMNet,191,62.717277486910994,0.09923799449272704,0.04896979209206394,0.642340154097262,0.06874779940458328
schafer_phyllosphere_2022,taxon_panel,0.2,SPIEC-EASI,191,62.717277486910994,0.024980305036394288,0.005489312520038785,0.49935837836651537,0.0003474176484429556
schafer_phyllosphere_2022,taxon_panel,0.2,SparCC,191,62.717277486910994,0.1339528522987409,0.02696634748017945,0.8893648086748084,0.01998005789329353
schafer_phyllosphere_2022,taxon_panel,0.4,Mean rank,200,244.47,0.2481865927537662,0.08561649405221222,0.9150888330385314,0.030576485834729456
schafer_phyllosphere_2022,taxon_panel,0.4,PLNNetwork,200,244.47,0.1002120872542287,0.055624104077019995,0.6235415403653979,0.05865626808372828
schafer_phyllosphere_2022,taxon_panel,0.4,Poisson GLMNet,200,244.47,0.13540829162040316,0.11306738094506853,0.6664733355505496,0.11713165283191686
schafer_phyllosphere_2022,taxon_panel,0.4,SPIEC-EASI,200,244.47,0.023624238909540064,0.009556241504246294,0.4993608521015702,0.0006427762895688456
schafer_phyllosphere_2022,taxon_panel,0.4,SparCC,200,244.47,0.14280464921520405,0.05415703968246647,0.8915093696836283,0.0373447590987364
schafer_phyllosphere_2022,taxon_panel,0.6,Mean rank,193,539.1813471502591,0.2961654274244632,0.16296582961171927,0.9148309105703978,0.04507314683503118
schafer_phyllosphere_2022,taxon_panel,0.6,PLNNetwork,193,539.1813471502591,0.14610053746431872,0.13532829041770778,0.6251317121658148,0.10468909133271934
schafer_phyllosphere_2022,taxon_panel,0.6,Poisson GLMNet,193,539.1813471502591,0.18350508290163217,0.1875005715199095,0.6632834247609991,0.15399535277681373
schafer_phyllosphere_2022,taxon_panel,0.6,SPIEC-EASI,193,539.1813471502591,0.026606959440062444,0.016787654915598915,0.4993059433276493,0.0011366598915176743
schafer_phyllosphere_2022,taxon_panel,0.6,SparCC,193,539.1813471502591,0.1944530067705866,0.13996275161675245,0.8968910229420254,0.06528837055932046
