held_out,candidate,inner_mean_auprc_lift,inner_median_auprc_lift,inner_folds
butyrate_assembly_2021,logistic_score3_C0.001_balancedFalse,2.597420035932285,1.0696159122085047,5
butyrate_assembly_2021,logistic_score3_C0.001_balancedTrue,2.6234012070959145,1.0439477695582113,5
butyrate_assembly_2021,logistic_score3_C0.01_balancedFalse,2.6417230524261406,1.0519792279051539,5
butyrate_assembly_2021,logistic_score3_C0.01_balancedTrue,2.65064430444297,1.0439477695582113,5
butyrate_assembly_2021,logistic_score3_C0.1_balancedFalse,2.653740148818887,1.0519792279051539,5
butyrate_assembly_2021,logistic_score3_C0.1_balancedTrue,2.682142866204617,1.0475477695582114,5
butyrate_assembly_2021,logistic_score3_C1.0_balancedFalse,2.654748831642164,1.0519792279051539,5
butyrate_assembly_2021,logistic_score3_C1.0_balancedTrue,2.6933901597838554,1.0475477695582114,5
butyrate_assembly_2021,logistic_score3_C10.0_balancedFalse,2.65482120440504,1.0519792279051539,5
butyrate_assembly_2021,logistic_score3_C10.0_balancedTrue,2.6935551697330475,1.0475477695582114,5
butyrate_assembly_2021,logistic_score5_C0.001_balancedFalse,1.9831322424198903,1.0696159122085047,5
butyrate_assembly_2021,logistic_score5_C0.001_balancedTrue,2.333786220033481,1.0439477695582113,5
butyrate_assembly_2021,logistic_score5_C0.01_balancedFalse,2.0586581652729734,1.0519792279051539,5
butyrate_assembly_2021,logistic_score5_C0.01_balancedTrue,2.7198682153469216,1.0439477695582113,5
butyrate_assembly_2021,logistic_score5_C0.1_balancedFalse,2.07187166096829,1.0519792279051539,5
butyrate_assembly_2021,logistic_score5_C0.1_balancedTrue,2.7617316574295288,1.0475477695582114,5
butyrate_assembly_2021,logistic_score5_C1.0_balancedFalse,2.0716815191820546,1.0519792279051539,5
butyrate_assembly_2021,logistic_score5_C1.0_balancedTrue,2.7686436748266785,1.0475477695582114,5
butyrate_assembly_2021,logistic_score5_C10.0_balancedFalse,2.071617169810222,1.0519792279051539,5
butyrate_assembly_2021,logistic_score5_C10.0_balancedTrue,2.776633968041756,1.0475477695582114,5
butyrate_assembly_2021,logistic_score3_obs_C0.001_balancedFalse,1.347344816104854,1.0766104615384617,5
butyrate_assembly_2021,logistic_score3_obs_C0.001_balancedTrue,2.2135128077843613,1.1111111111111112,5
butyrate_assembly_2021,logistic_score3_obs_C0.01_balancedFalse,1.3743467718883722,1.0696159122085047,5
butyrate_assembly_2021,logistic_score3_obs_C0.01_balancedTrue,1.6556062731724448,1.0760557790036458,5
butyrate_assembly_2021,logistic_score3_obs_C0.1_balancedFalse,2.0624485321735997,1.0470277685175358,5
butyrate_assembly_2021,logistic_score3_obs_C0.1_balancedTrue,1.4194576883511594,1.0787127874655937,5
butyrate_assembly_2021,logistic_score3_obs_C1.0_balancedFalse,2.0829151293166857,1.0557726006925408,5
butyrate_assembly_2021,logistic_score3_obs_C1.0_balancedTrue,1.4021708789672238,1.071105290257714,5
butyrate_assembly_2021,logistic_score3_obs_C10.0_balancedFalse,2.062886800147944,1.0172583598756724,5
butyrate_assembly_2021,logistic_score3_obs_C10.0_balancedTrue,1.3565659908730194,1.0067851786148272,5
butyrate_assembly_2021,logistic_score5_obs_C0.001_balancedFalse,1.3280234123150005,1.0766104615384617,5
butyrate_assembly_2021,logistic_score5_obs_C0.001_balancedTrue,2.13241913270632,1.1111111111111112,5
butyrate_assembly_2021,logistic_score5_obs_C0.01_balancedFalse,1.356976451343317,1.0679228727154477,5
butyrate_assembly_2021,logistic_score5_obs_C0.01_balancedTrue,1.6477301069698242,1.0207262039933416,5
butyrate_assembly_2021,logistic_score5_obs_C0.1_balancedFalse,1.962494275748324,1.0223669583694002,5
butyrate_assembly_2021,logistic_score5_obs_C0.1_balancedTrue,1.4064241399622206,1.0030068054971009,5
butyrate_assembly_2021,logistic_score5_obs_C1.0_balancedFalse,2.0134646002182293,1.0072004897076272,5
butyrate_assembly_2021,logistic_score5_obs_C1.0_balancedTrue,1.3864433638605345,0.9958456290265127,5
butyrate_assembly_2021,logistic_score5_obs_C10.0_balancedFalse,1.8499953054005212,1.0030068054971009,5
butyrate_assembly_2021,logistic_score5_obs_C10.0_balancedTrue,1.344527558438147,0.9903229916638753,5
butyrate_assembly_2021,logistic_score5_interactions_C0.001_balancedFalse,1.238869237813128,1.0783384615384617,5
butyrate_assembly_2021,logistic_score5_interactions_C0.001_balancedTrue,1.4820801688242244,1.1088385614181742,5
butyrate_assembly_2021,logistic_score5_interactions_C0.01_balancedFalse,1.452527754386731,1.0696159122085047,5
butyrate_assembly_2021,logistic_score5_interactions_C0.01_balancedTrue,2.4711999519245516,1.0193290682595102,5
butyrate_assembly_2021,logistic_score5_interactions_C0.1_balancedFalse,2.3939708592404743,1.0193290682595102,5
butyrate_assembly_2021,logistic_score5_interactions_C0.1_balancedTrue,2.135772458835606,1.0193290682595102,5
butyrate_assembly_2021,logistic_score5_interactions_C1.0_balancedFalse,2.0396244645332864,1.025158203294491,5
butyrate_assembly_2021,logistic_score5_interactions_C1.0_balancedTrue,1.892726510823841,1.0255004968309387,5
butyrate_assembly_2021,logistic_score5_interactions_C10.0_balancedFalse,1.7635173770916446,1.0286544686898194,5
butyrate_assembly_2021,logistic_score5_interactions_C10.0_balancedTrue,1.802861726607874,1.0229706488413275,5
butyrate_assembly_2021,extra_score5_obs_depth2_leaf10,1.2738109165247344,1.08,5
butyrate_assembly_2021,extra_score5_obs_depth2_leaf30,1.3128789176022797,1.08,5
butyrate_assembly_2021,extra_score5_obs_depth4_leaf10,1.269963543876118,1.0667514214481173,5
butyrate_assembly_2021,extra_score5_obs_depth4_leaf30,1.3597479895030464,1.0783384615384617,5
butyrate_assembly_2021,extra_score5_obs_depth6_leaf10,1.310225821354424,1.0432142980045933,5
butyrate_assembly_2021,extra_score5_obs_depth6_leaf30,1.2659067791202288,1.0666461491075192,5
butyrate_assembly_2021,hist_score5_obs_leaves3_l20.1,1.5799474913085312,1.0046905416060115,5
butyrate_assembly_2021,hist_score5_obs_leaves3_l21.0,1.6855701127081673,0.9887510617212681,5
butyrate_assembly_2021,hist_score5_obs_leaves3_l210.0,1.5390748424477771,0.9896990063355934,5
butyrate_assembly_2021,hist_score5_obs_leaves7_l20.1,1.161491100269126,1.0850480109739369,5
butyrate_assembly_2021,hist_score5_obs_leaves7_l21.0,1.1357990363212103,1.0519792279051539,5
butyrate_assembly_2021,hist_score5_obs_leaves7_l210.0,0.9415327710606848,0.9925524608827272,5
butyrate_assembly_2021,hist_score5_obs_leaves15_l20.1,1.0802466979715433,1.031403096217911,5
butyrate_assembly_2021,hist_score5_obs_leaves15_l21.0,1.1339543824168763,1.0850480109739369,5
butyrate_assembly_2021,hist_score5_obs_leaves15_l210.0,1.450157595510902,1.0499491586857082,5
carlstrom_phyllosphere_2019,logistic_score3_C0.001_balancedFalse,2.6391009030520522,1.0461386265353918,5
carlstrom_phyllosphere_2019,logistic_score3_C0.001_balancedTrue,2.6465229779378214,1.05735767868429,5
carlstrom_phyllosphere_2019,logistic_score3_C0.01_balancedFalse,2.749471794301114,1.0357004968309387,5
carlstrom_phyllosphere_2019,logistic_score3_C0.01_balancedTrue,2.840139510652196,1.0925026564208176,5
carlstrom_phyllosphere_2019,logistic_score3_C0.1_balancedFalse,2.836494250071732,1.0357004968309387,5
carlstrom_phyllosphere_2019,logistic_score3_C0.1_balancedTrue,2.69800344502927,1.096908215713533,5
carlstrom_phyllosphere_2019,logistic_score3_C1.0_balancedFalse,2.8596226230895203,1.0357004968309387,5
carlstrom_phyllosphere_2019,logistic_score3_C1.0_balancedTrue,2.689882052328572,1.0973575518317626,5
carlstrom_phyllosphere_2019,logistic_score3_C10.0_balancedFalse,2.8603603000011644,1.0357004968309387,5
carlstrom_phyllosphere_2019,logistic_score3_C10.0_balancedTrue,2.69011095455209,1.0973575518317626,5
carlstrom_phyllosphere_2019,logistic_score5_C0.001_balancedFalse,2.067234687978396,1.0533966697192496,5
carlstrom_phyllosphere_2019,logistic_score5_C0.001_balancedTrue,2.3940744806029146,1.0588180045456268,5
carlstrom_phyllosphere_2019,logistic_score5_C0.01_balancedFalse,2.2705032974769996,1.0365523615084289,5
carlstrom_phyllosphere_2019,logistic_score5_C0.01_balancedTrue,2.9440084932568817,1.0929135537539276,5
carlstrom_phyllosphere_2019,logistic_score5_C0.1_balancedFalse,2.541545773679591,1.0357004968309387,5
carlstrom_phyllosphere_2019,logistic_score5_C0.1_balancedTrue,2.775029250274769,1.0966600190445752,5
carlstrom_phyllosphere_2019,logistic_score5_C1.0_balancedFalse,2.5446392636493673,1.0357004968309387,5
carlstrom_phyllosphere_2019,logistic_score5_C1.0_balancedTrue,2.69973923574491,1.097109355162805,5
carlstrom_phyllosphere_2019,logistic_score5_C10.0_balancedFalse,2.513224013313145,1.0357004968309387,5
carlstrom_phyllosphere_2019,logistic_score5_C10.0_balancedTrue,2.6649973689034367,1.097109355162805,5
carlstrom_phyllosphere_2019,logistic_score3_obs_C0.001_balancedFalse,2.328411052682975,1.0783384615384617,5
carlstrom_phyllosphere_2019,logistic_score3_obs_C0.001_balancedTrue,1.2950078868128432,1.0479591040953617,5
carlstrom_phyllosphere_2019,logistic_score3_obs_C0.01_balancedFalse,1.209930249143785,1.0783384615384617,5
carlstrom_phyllosphere_2019,logistic_score3_obs_C0.01_balancedTrue,1.1716743963698781,1.0765895834178727,5
carlstrom_phyllosphere_2019,logistic_score3_obs_C0.1_balancedFalse,1.148690418962659,1.0852984254288256,5
carlstrom_phyllosphere_2019,logistic_score3_obs_C0.1_balancedTrue,1.13786495940646,1.0987654320987654,5
carlstrom_phyllosphere_2019,logistic_score3_obs_C1.0_balancedFalse,1.115489584203412,1.0613441987760526,5
carlstrom_phyllosphere_2019,logistic_score3_obs_C1.0_balancedTrue,1.1162242689632795,1.0519792279051539,5
carlstrom_phyllosphere_2019,logistic_score3_obs_C10.0_balancedFalse,1.090758701884689,1.0354191910063286,5
carlstrom_phyllosphere_2019,logistic_score3_obs_C10.0_balancedTrue,1.0996873905225133,0.9840041105449941,5
carlstrom_phyllosphere_2019,logistic_score5_obs_C0.001_balancedFalse,2.170885664159591,1.0783384615384617,5
carlstrom_phyllosphere_2019,logistic_score5_obs_C0.001_balancedTrue,1.2893292228642692,1.0481493034633145,5
carlstrom_phyllosphere_2019,logistic_score5_obs_C0.01_balancedFalse,1.207126856182957,1.0783384615384617,5
carlstrom_phyllosphere_2019,logistic_score5_obs_C0.01_balancedTrue,1.1717907158168726,1.077040943591397,5
carlstrom_phyllosphere_2019,logistic_score5_obs_C0.1_balancedFalse,1.1495151918015274,1.0865728252405962,5
carlstrom_phyllosphere_2019,logistic_score5_obs_C0.1_balancedTrue,1.1429576056313535,1.1067341480502833,5
carlstrom_phyllosphere_2019,logistic_score5_obs_C1.0_balancedFalse,1.1168969991805988,1.0613441987760526,5
carlstrom_phyllosphere_2019,logistic_score5_obs_C1.0_balancedTrue,1.1272570881264812,1.0850480109739369,5
carlstrom_phyllosphere_2019,logistic_score5_obs_C10.0_balancedFalse,1.0923812293797561,1.0354191910063286,5
carlstrom_phyllosphere_2019,logistic_score5_obs_C10.0_balancedTrue,1.1004886839450154,0.9872768378177215,5
carlstrom_phyllosphere_2019,logistic_score5_interactions_C0.001_balancedFalse,2.146414709792958,1.0783384615384617,5
carlstrom_phyllosphere_2019,logistic_score5_interactions_C0.001_balancedTrue,1.2514299290419981,1.0621496068926808,5
carlstrom_phyllosphere_2019,logistic_score5_interactions_C0.01_balancedFalse,1.2275805563140998,1.0783384615384617,5
carlstrom_phyllosphere_2019,logistic_score5_interactions_C0.01_balancedTrue,1.1856293377620124,1.0871997202155612,5
carlstrom_phyllosphere_2019,logistic_score5_interactions_C0.1_balancedFalse,1.154290391343179,1.0850480109739369,5
carlstrom_phyllosphere_2019,logistic_score5_interactions_C0.1_balancedTrue,1.1684917898012366,1.1111111111111112,5
carlstrom_phyllosphere_2019,logistic_score5_interactions_C1.0_balancedFalse,1.096406837011418,1.0766104615384617,5
carlstrom_phyllosphere_2019,logistic_score5_interactions_C1.0_balancedTrue,1.1002056177907535,1.0696159122085047,5
carlstrom_phyllosphere_2019,logistic_score5_interactions_C10.0_balancedFalse,1.0311199312577606,1.012438506905784,5
carlstrom_phyllosphere_2019,logistic_score5_interactions_C10.0_balancedTrue,1.0433452277197868,1.0387422679294054,5
carlstrom_phyllosphere_2019,extra_score5_obs_depth2_leaf10,1.2487343638820818,1.0783384615384617,5
carlstrom_phyllosphere_2019,extra_score5_obs_depth2_leaf30,1.2749380038670612,1.0783384615384617,5
carlstrom_phyllosphere_2019,extra_score5_obs_depth4_leaf10,1.1899598937373317,1.0850480109739369,5
carlstrom_phyllosphere_2019,extra_score5_obs_depth4_leaf30,1.1480184678236403,1.0783384615384617,5
carlstrom_phyllosphere_2019,extra_score5_obs_depth6_leaf10,1.136934311184237,1.0768000000000002,5
carlstrom_phyllosphere_2019,extra_score5_obs_depth6_leaf30,1.1792431168889643,1.0783384615384617,5
carlstrom_phyllosphere_2019,hist_score5_obs_leaves3_l20.1,1.2429438144743195,1.0691756789297657,5
carlstrom_phyllosphere_2019,hist_score5_obs_leaves3_l21.0,1.2390483334208056,1.0670156789297658,5
carlstrom_phyllosphere_2019,hist_score5_obs_leaves3_l210.0,1.090541579632572,1.0519792279051539,5
carlstrom_phyllosphere_2019,hist_score5_obs_leaves7_l20.1,1.1487665729470056,1.073476923076923,5
carlstrom_phyllosphere_2019,hist_score5_obs_leaves7_l21.0,1.154847906272623,1.0548252892870615,5
carlstrom_phyllosphere_2019,hist_score5_obs_leaves7_l210.0,1.0967918254891693,1.05873712861052,5
carlstrom_phyllosphere_2019,hist_score5_obs_leaves15_l20.1,1.2961981510227094,1.0850480109739369,5
carlstrom_phyllosphere_2019,hist_score5_obs_leaves15_l21.0,1.2459984477466985,1.0627555114315173,5
carlstrom_phyllosphere_2019,hist_score5_obs_leaves15_l210.0,1.0860016896445888,1.0850480109739369,5
schafer_phyllosphere_2022,logistic_score3_C0.001_balancedFalse,1.0204542160339274,1.0378038755542882,5
schafer_phyllosphere_2022,logistic_score3_C0.001_balancedTrue,1.0285177914741805,1.0487641183428047,5
schafer_phyllosphere_2022,logistic_score3_C0.01_balancedFalse,1.0177474236784,1.0420898101873706,5
schafer_phyllosphere_2022,logistic_score3_C0.01_balancedTrue,1.0300706947206253,1.0508230223054642,5
schafer_phyllosphere_2022,logistic_score3_C0.1_balancedFalse,1.0175156616800702,1.048980531085187,5
schafer_phyllosphere_2022,logistic_score3_C0.1_balancedTrue,1.021040297904191,1.0508230223054642,5
schafer_phyllosphere_2022,logistic_score3_C1.0_balancedFalse,1.0173047390181278,1.0495507065237832,5
schafer_phyllosphere_2022,logistic_score3_C1.0_balancedTrue,1.0199548414470445,1.0508230223054642,5
schafer_phyllosphere_2022,logistic_score3_C10.0_balancedFalse,1.017264938264059,1.0495507065237832,5
schafer_phyllosphere_2022,logistic_score3_C10.0_balancedTrue,1.019949149436844,1.0508230223054642,5
schafer_phyllosphere_2022,logistic_score5_C0.001_balancedFalse,1.0344418492636125,1.0444028173593873,5
schafer_phyllosphere_2022,logistic_score5_C0.001_balancedTrue,1.0364943408300695,1.0508708464812884,5
schafer_phyllosphere_2022,logistic_score5_C0.01_balancedFalse,1.032540273691713,1.0508708464812884,5
schafer_phyllosphere_2022,logistic_score5_C0.01_balancedTrue,1.0281289255715598,1.0508230223054642,5
schafer_phyllosphere_2022,logistic_score5_C0.1_balancedFalse,1.0331491718089687,1.0524180992285412,5
schafer_phyllosphere_2022,logistic_score5_C0.1_balancedTrue,1.0222908869200613,1.0508230223054642,5
schafer_phyllosphere_2022,logistic_score5_C1.0_balancedFalse,1.033203120310208,1.0524180992285412,5
schafer_phyllosphere_2022,logistic_score5_C1.0_balancedTrue,1.0207743573624808,1.0508230223054642,5
schafer_phyllosphere_2022,logistic_score5_C10.0_balancedFalse,1.0330011078809347,1.0524180992285412,5
schafer_phyllosphere_2022,logistic_score5_C10.0_balancedTrue,1.0206987600979418,1.0508230223054642,5
schafer_phyllosphere_2022,logistic_score3_obs_C0.001_balancedFalse,0.9753563961155136,1.0121075978381504,5
schafer_phyllosphere_2022,logistic_score3_obs_C0.001_balancedTrue,1.0334298549813021,1.0539565607670027,5
schafer_phyllosphere_2022,logistic_score3_obs_C0.01_balancedFalse,1.0186483762606708,1.009449963253926,5
schafer_phyllosphere_2022,logistic_score3_obs_C0.01_balancedTrue,1.0183335308257269,1.0539565607670027,5
schafer_phyllosphere_2022,logistic_score3_obs_C0.1_balancedFalse,0.9746280867857114,1.0087456323137416,5
schafer_phyllosphere_2022,logistic_score3_obs_C0.1_balancedTrue,0.9835207884153482,1.0539565607670027,5
schafer_phyllosphere_2022,logistic_score3_obs_C1.0_balancedFalse,0.9753805991240349,0.9993987203080296,5
schafer_phyllosphere_2022,logistic_score3_obs_C1.0_balancedTrue,0.980512159961353,1.0508708464812884,5
schafer_phyllosphere_2022,logistic_score3_obs_C10.0_balancedFalse,0.9669429501987455,0.9732878612529545,5
schafer_phyllosphere_2022,logistic_score3_obs_C10.0_balancedTrue,0.974370508837423,1.031403096217911,5
schafer_phyllosphere_2022,logistic_score5_obs_C0.001_balancedFalse,0.9855660091509991,1.0136186322251304,5
schafer_phyllosphere_2022,logistic_score5_obs_C0.001_balancedTrue,1.0339952876820857,1.0539565607670027,5
schafer_phyllosphere_2022,logistic_score5_obs_C0.01_balancedFalse,1.0192407308114522,1.0083236024880018,5
schafer_phyllosphere_2022,logistic_score5_obs_C0.01_balancedTrue,1.0194384521854738,1.0539565607670027,5
schafer_phyllosphere_2022,logistic_score5_obs_C0.1_balancedFalse,0.9762582472850964,1.0075557115424432,5
schafer_phyllosphere_2022,logistic_score5_obs_C0.1_balancedTrue,0.9830265574721613,1.0539565607670027,5
schafer_phyllosphere_2022,logistic_score5_obs_C1.0_balancedFalse,0.9765786281702674,0.9998421570112602,5
schafer_phyllosphere_2022,logistic_score5_obs_C1.0_balancedTrue,0.9820999534854404,1.0508708464812884,5
schafer_phyllosphere_2022,logistic_score5_obs_C10.0_balancedFalse,0.9674054739953265,0.9757522259259171,5
schafer_phyllosphere_2022,logistic_score5_obs_C10.0_balancedTrue,0.9758083425502757,1.031403096217911,5
schafer_phyllosphere_2022,logistic_score5_interactions_C0.001_balancedFalse,0.9926121838271701,1.046061102697599,5
schafer_phyllosphere_2022,logistic_score5_interactions_C0.001_balancedTrue,1.0328897287856653,1.0539565607670027,5
schafer_phyllosphere_2022,logistic_score5_interactions_C0.01_balancedFalse,1.0205289708966112,1.024660267019169,5
schafer_phyllosphere_2022,logistic_score5_interactions_C0.01_balancedTrue,1.0217798333032833,1.0568365607670027,5
schafer_phyllosphere_2022,logistic_score5_interactions_C0.1_balancedFalse,0.9775895738657432,1.0326973394840249,5
schafer_phyllosphere_2022,logistic_score5_interactions_C0.1_balancedTrue,0.9934144435710293,1.0644777372375909,5
schafer_phyllosphere_2022,logistic_score5_interactions_C1.0_balancedFalse,0.9816221294174904,1.0067117381932198,5
schafer_phyllosphere_2022,logistic_score5_interactions_C1.0_balancedTrue,0.9906873617181107,1.0099150257338099,5
schafer_phyllosphere_2022,logistic_score5_interactions_C10.0_balancedFalse,0.9890622178750681,1.014344850046449,5
schafer_phyllosphere_2022,logistic_score5_interactions_C10.0_balancedTrue,0.9791488887182643,1.001954775421913,5
schafer_phyllosphere_2022,extra_score5_obs_depth2_leaf10,1.047909671694455,1.0175696699856773,5
schafer_phyllosphere_2022,extra_score5_obs_depth2_leaf30,1.0392157363386414,1.0067117381932198,5
schafer_phyllosphere_2022,extra_score5_obs_depth4_leaf10,1.0234407548058568,1.0235722335162056,5
schafer_phyllosphere_2022,extra_score5_obs_depth4_leaf30,1.0341367982394556,1.0401371986674144,5
schafer_phyllosphere_2022,extra_score5_obs_depth6_leaf10,1.02968112456492,1.013562984410172,5
schafer_phyllosphere_2022,extra_score5_obs_depth6_leaf30,1.0379237982301996,1.0520888595663909,5
schafer_phyllosphere_2022,hist_score5_obs_leaves3_l20.1,1.016913851373641,1.0214061653129478,5
schafer_phyllosphere_2022,hist_score5_obs_leaves3_l21.0,1.0085192989806833,1.021395088389871,5
schafer_phyllosphere_2022,hist_score5_obs_leaves3_l210.0,1.005004413971793,1.0158331545853527,5
schafer_phyllosphere_2022,hist_score5_obs_leaves7_l20.1,0.9765653166135818,0.989898456153523,5
schafer_phyllosphere_2022,hist_score5_obs_leaves7_l21.0,0.9878630904920799,0.9958598416401291,5
schafer_phyllosphere_2022,hist_score5_obs_leaves7_l210.0,1.0151644192575233,1.015169061383629,5
schafer_phyllosphere_2022,hist_score5_obs_leaves15_l20.1,1.0045111704976943,0.9994802867492956,5
schafer_phyllosphere_2022,hist_score5_obs_leaves15_l21.0,1.010663057188642,0.9934560197344746,5
schafer_phyllosphere_2022,hist_score5_obs_leaves15_l210.0,1.0206815204497137,1.0263531378095616,5
