analysis_set,fold,budget_fraction,family,setting,inner_folds,mean_inner_auprc
butyrate_assembly_2021,1,0.2,logistic,l2_C=0.01,3,0.9828042328042329
butyrate_assembly_2021,1,0.2,logistic,l2_C=0.1,3,0.9716931216931216
butyrate_assembly_2021,1,0.2,logistic,l2_C=1,3,0.9578042328042328
butyrate_assembly_2021,1,0.2,logistic,l1_C=0.01,3,0.8095238095238094
butyrate_assembly_2021,1,0.2,logistic,l1_C=0.1,3,0.8095238095238094
butyrate_assembly_2021,1,0.2,logistic,l1_C=1,3,0.9716931216931216
butyrate_assembly_2021,1,0.2,ranking,C=0.01,3,0.9828042328042329
butyrate_assembly_2021,1,0.2,ranking,C=0.1,3,0.9828042328042329
butyrate_assembly_2021,1,0.2,ranking,C=1,3,0.9828042328042329
butyrate_assembly_2021,1,0.2,boosting,depth=1_l2=1,3,0.9748677248677248
butyrate_assembly_2021,1,0.2,boosting,depth=2_l2=1,3,0.9748677248677248
butyrate_assembly_2021,1,0.4,logistic,l2_C=0.01,3,0.9312521148884786
butyrate_assembly_2021,1,0.4,logistic,l2_C=0.1,3,0.9207181118544755
butyrate_assembly_2021,1,0.4,logistic,l2_C=1,3,0.9450351836715473
butyrate_assembly_2021,1,0.4,logistic,l1_C=0.01,3,0.7619047619047619
butyrate_assembly_2021,1,0.4,logistic,l1_C=0.1,3,0.7619047619047619
butyrate_assembly_2021,1,0.4,logistic,l1_C=1,3,0.9442027164754437
butyrate_assembly_2021,1,0.4,ranking,C=0.01,3,0.9207181118544755
butyrate_assembly_2021,1,0.4,ranking,C=0.1,3,0.9466820553184191
butyrate_assembly_2021,1,0.4,ranking,C=1,3,0.9398638735002373
butyrate_assembly_2021,1,0.4,boosting,depth=1_l2=1,3,0.946780660417024
butyrate_assembly_2021,1,0.4,boosting,depth=2_l2=1,3,0.9345132981496618
butyrate_assembly_2021,1,0.6,logistic,l2_C=0.01,3,0.9107446858004778
butyrate_assembly_2021,1,0.6,logistic,l2_C=0.1,3,0.9246763605105
butyrate_assembly_2021,1,0.6,logistic,l2_C=1,3,0.9113347306634522
butyrate_assembly_2021,1,0.6,logistic,l1_C=0.01,3,0.7301587301587302
butyrate_assembly_2021,1,0.6,logistic,l1_C=0.1,3,0.8029730481936364
butyrate_assembly_2021,1,0.6,logistic,l1_C=1,3,0.919370059550013
butyrate_assembly_2021,1,0.6,ranking,C=0.01,3,0.914916380495102
butyrate_assembly_2021,1,0.6,ranking,C=0.1,3,0.9025183926804475
butyrate_assembly_2021,1,0.6,ranking,C=1,3,0.905740412032498
butyrate_assembly_2021,1,0.6,boosting,depth=1_l2=1,3,0.8895290976366828
butyrate_assembly_2021,1,0.6,boosting,depth=2_l2=1,3,0.8682506610415537
butyrate_assembly_2021,1,0.8,logistic,l2_C=0.01,3,0.8862648029298376
butyrate_assembly_2021,1,0.8,logistic,l2_C=0.1,3,0.8930863555193321
butyrate_assembly_2021,1,0.8,logistic,l2_C=1,3,0.888120548344126
butyrate_assembly_2021,1,0.8,logistic,l1_C=0.01,3,0.7231040564373897
butyrate_assembly_2021,1,0.8,logistic,l1_C=0.1,3,0.7947861679947875
butyrate_assembly_2021,1,0.8,logistic,l1_C=1,3,0.8823829839130407
butyrate_assembly_2021,1,0.8,ranking,C=0.01,3,0.8957617959853739
butyrate_assembly_2021,1,0.8,ranking,C=0.1,3,0.8829292976014047
butyrate_assembly_2021,1,0.8,ranking,C=1,3,0.8790230040898481
butyrate_assembly_2021,1,0.8,boosting,depth=1_l2=1,3,0.9326831507272684
butyrate_assembly_2021,1,0.8,boosting,depth=2_l2=1,3,0.9216022952527698
butyrate_assembly_2021,2,0.2,logistic,l2_C=0.01,3,0.9309523809523809
butyrate_assembly_2021,2,0.2,logistic,l2_C=0.1,3,0.9309523809523809
butyrate_assembly_2021,2,0.2,logistic,l2_C=1,3,0.9777777777777777
butyrate_assembly_2021,2,0.2,logistic,l1_C=0.01,3,0.7619047619047619
butyrate_assembly_2021,2,0.2,logistic,l1_C=0.1,3,0.7619047619047619
butyrate_assembly_2021,2,0.2,logistic,l1_C=1,3,0.9698412698412698
butyrate_assembly_2021,2,0.2,ranking,C=0.01,3,0.9309523809523809
butyrate_assembly_2021,2,0.2,ranking,C=0.1,3,0.9644444444444443
butyrate_assembly_2021,2,0.2,ranking,C=1,3,0.9644444444444443
butyrate_assembly_2021,2,0.2,boosting,depth=1_l2=1,3,0.9031746031746032
butyrate_assembly_2021,2,0.2,boosting,depth=2_l2=1,3,0.9031746031746032
butyrate_assembly_2021,2,0.4,logistic,l2_C=0.01,3,0.8183836870200506
butyrate_assembly_2021,2,0.4,logistic,l2_C=0.1,3,0.8585051396415032
butyrate_assembly_2021,2,0.4,logistic,l2_C=1,3,0.9130666723848542
butyrate_assembly_2021,2,0.4,logistic,l1_C=0.01,3,0.7619047619047619
butyrate_assembly_2021,2,0.4,logistic,l1_C=0.1,3,0.7619047619047619
butyrate_assembly_2021,2,0.4,logistic,l1_C=1,3,0.9354873241236877
butyrate_assembly_2021,2,0.4,ranking,C=0.01,3,0.8657441968805606
butyrate_assembly_2021,2,0.4,ranking,C=0.1,3,0.9087376680558498
butyrate_assembly_2021,2,0.4,ranking,C=1,3,0.9213855925219562
butyrate_assembly_2021,2,0.4,boosting,depth=1_l2=1,3,0.9554514509059965
butyrate_assembly_2021,2,0.4,boosting,depth=2_l2=1,3,0.8870898882262518
butyrate_assembly_2021,2,0.6,logistic,l2_C=0.01,3,0.8560283132724115
butyrate_assembly_2021,2,0.6,logistic,l2_C=0.1,3,0.8782531511101558
butyrate_assembly_2021,2,0.6,logistic,l2_C=1,3,0.9127564048689242
butyrate_assembly_2021,2,0.6,logistic,l1_C=0.01,3,0.7619047619047619
butyrate_assembly_2021,2,0.6,logistic,l1_C=0.1,3,0.7603307079845392
butyrate_assembly_2021,2,0.6,logistic,l1_C=1,3,0.9019128060657667
butyrate_assembly_2021,2,0.6,ranking,C=0.01,3,0.891257319123515
butyrate_assembly_2021,2,0.6,ranking,C=0.1,3,0.9211737754670223
butyrate_assembly_2021,2,0.6,ranking,C=1,3,0.9256331012039216
butyrate_assembly_2021,2,0.6,boosting,depth=1_l2=1,3,0.8620202272751616
butyrate_assembly_2021,2,0.6,boosting,depth=2_l2=1,3,0.850963189609668
butyrate_assembly_2021,2,0.8,logistic,l2_C=0.01,3,0.854927579713847
butyrate_assembly_2021,2,0.8,logistic,l2_C=0.1,3,0.8507624163984279
butyrate_assembly_2021,2,0.8,logistic,l2_C=1,3,0.8503176780711356
butyrate_assembly_2021,2,0.8,logistic,l1_C=0.01,3,0.7350088183421516
butyrate_assembly_2021,2,0.8,logistic,l1_C=0.1,3,0.8068741849873172
butyrate_assembly_2021,2,0.8,logistic,l1_C=1,3,0.8649223639345709
butyrate_assembly_2021,2,0.8,ranking,C=0.01,3,0.852464909327629
butyrate_assembly_2021,2,0.8,ranking,C=0.1,3,0.8472696335946854
butyrate_assembly_2021,2,0.8,ranking,C=1,3,0.8490120875388657
butyrate_assembly_2021,2,0.8,boosting,depth=1_l2=1,3,0.8737525142024257
butyrate_assembly_2021,2,0.8,boosting,depth=2_l2=1,3,0.8274174325062024
butyrate_assembly_2021,3,0.2,logistic,l2_C=0.01,3,0.9137566137566138
butyrate_assembly_2021,3,0.2,logistic,l2_C=0.1,3,0.8813492063492063
butyrate_assembly_2021,3,0.2,logistic,l2_C=1,3,0.8291534391534391
butyrate_assembly_2021,3,0.2,logistic,l1_C=0.01,3,0.8095238095238094
butyrate_assembly_2021,3,0.2,logistic,l1_C=0.1,3,0.8095238095238094
butyrate_assembly_2021,3,0.2,logistic,l1_C=1,3,0.868015873015873
butyrate_assembly_2021,3,0.2,ranking,C=0.01,3,0.8813492063492063
butyrate_assembly_2021,3,0.2,ranking,C=0.1,3,0.8391534391534391
butyrate_assembly_2021,3,0.2,ranking,C=1,3,0.8715608465608465
butyrate_assembly_2021,3,0.2,boosting,depth=1_l2=1,3,0.8323280423280423
butyrate_assembly_2021,3,0.2,boosting,depth=2_l2=1,3,0.8323280423280423
butyrate_assembly_2021,3,0.4,logistic,l2_C=0.01,3,0.857556164374346
butyrate_assembly_2021,3,0.4,logistic,l2_C=0.1,3,0.8859526920890558
butyrate_assembly_2021,3,0.4,logistic,l2_C=1,3,0.8709334520698157
butyrate_assembly_2021,3,0.4,logistic,l1_C=0.01,3,0.7619047619047619
butyrate_assembly_2021,3,0.4,logistic,l1_C=0.1,3,0.7964285714285714
butyrate_assembly_2021,3,0.4,logistic,l1_C=1,3,0.8986751548115185
butyrate_assembly_2021,3,0.4,ranking,C=0.01,3,0.8825856887220523
butyrate_assembly_2021,3,0.4,ranking,C=0.1,3,0.8820445631809268
butyrate_assembly_2021,3,0.4,ranking,C=1,3,0.8663012324375959
butyrate_assembly_2021,3,0.4,boosting,depth=1_l2=1,3,0.9083000333000334
butyrate_assembly_2021,3,0.4,boosting,depth=2_l2=1,3,0.8610852615398071
butyrate_assembly_2021,3,0.6,logistic,l2_C=0.01,3,0.7930975635263238
butyrate_assembly_2021,3,0.6,logistic,l2_C=0.1,3,0.8572861948661742
butyrate_assembly_2021,3,0.6,logistic,l2_C=1,3,0.885537761971908
butyrate_assembly_2021,3,0.6,logistic,l1_C=0.01,3,0.746031746031746
butyrate_assembly_2021,3,0.6,logistic,l1_C=0.1,3,0.7355536667017574
butyrate_assembly_2021,3,0.6,logistic,l1_C=1,3,0.8985001208264559
butyrate_assembly_2021,3,0.6,ranking,C=0.01,3,0.8685738847996975
butyrate_assembly_2021,3,0.6,ranking,C=0.1,3,0.8722523205614666
butyrate_assembly_2021,3,0.6,ranking,C=1,3,0.8237680559774857
butyrate_assembly_2021,3,0.6,boosting,depth=1_l2=1,3,0.7613755766793693
butyrate_assembly_2021,3,0.6,boosting,depth=2_l2=1,3,0.7368073232177657
butyrate_assembly_2021,3,0.8,logistic,l2_C=0.01,3,0.8900162075061425
butyrate_assembly_2021,3,0.8,logistic,l2_C=0.1,3,0.89339883504587
butyrate_assembly_2021,3,0.8,logistic,l2_C=1,3,0.8817310841764224
butyrate_assembly_2021,3,0.8,logistic,l1_C=0.01,3,0.7350088183421516
butyrate_assembly_2021,3,0.8,logistic,l1_C=0.1,3,0.7392474428140456
butyrate_assembly_2021,3,0.8,logistic,l1_C=1,3,0.9054105620625581
butyrate_assembly_2021,3,0.8,ranking,C=0.01,3,0.8881974537940686
butyrate_assembly_2021,3,0.8,ranking,C=0.1,3,0.8799513107814697
butyrate_assembly_2021,3,0.8,ranking,C=1,3,0.8790155889143753
butyrate_assembly_2021,3,0.8,boosting,depth=1_l2=1,3,0.8962664611617757
butyrate_assembly_2021,3,0.8,boosting,depth=2_l2=1,3,0.8602934321793297
butyrate_assembly_2021,4,0.2,logistic,l2_C=0.01,3,0.8157936507936507
butyrate_assembly_2021,4,0.2,logistic,l2_C=0.1,3,0.8491269841269841
butyrate_assembly_2021,4,0.2,logistic,l2_C=1,3,0.8713492063492062
butyrate_assembly_2021,4,0.2,logistic,l1_C=0.01,3,0.8095238095238094
butyrate_assembly_2021,4,0.2,logistic,l1_C=0.1,3,0.8095238095238094
butyrate_assembly_2021,4,0.2,logistic,l1_C=1,3,0.838015873015873
butyrate_assembly_2021,4,0.2,ranking,C=0.01,3,0.8157936507936507
butyrate_assembly_2021,4,0.2,ranking,C=0.1,3,0.8676455026455026
butyrate_assembly_2021,4,0.2,ranking,C=1,3,0.8411904761904762
butyrate_assembly_2021,4,0.2,boosting,depth=1_l2=1,3,0.8448941798941799
butyrate_assembly_2021,4,0.2,boosting,depth=2_l2=1,3,0.8448941798941799
butyrate_assembly_2021,4,0.4,logistic,l2_C=0.01,3,0.7921381293603517
butyrate_assembly_2021,4,0.4,logistic,l2_C=0.1,3,0.8661373914151692
butyrate_assembly_2021,4,0.4,logistic,l2_C=1,3,0.88187813215591
butyrate_assembly_2021,4,0.4,logistic,l1_C=0.01,3,0.6904761904761906
butyrate_assembly_2021,4,0.4,logistic,l1_C=0.1,3,0.6904761904761906
butyrate_assembly_2021,4,0.4,logistic,l1_C=1,3,0.8911373914151692
butyrate_assembly_2021,4,0.4,ranking,C=0.01,3,0.88187813215591
butyrate_assembly_2021,4,0.4,ranking,C=0.1,3,0.8772485025262803
butyrate_assembly_2021,4,0.4,ranking,C=1,3,0.8725306894751338
butyrate_assembly_2021,4,0.4,boosting,depth=1_l2=1,3,0.8297703222703223
butyrate_assembly_2021,4,0.4,boosting,depth=2_l2=1,3,0.858636456136456
butyrate_assembly_2021,4,0.6,logistic,l2_C=0.01,3,0.9158643342286273
butyrate_assembly_2021,4,0.6,logistic,l2_C=0.1,3,0.9177000541216227
butyrate_assembly_2021,4,0.6,logistic,l2_C=1,3,0.9042268788811617
butyrate_assembly_2021,4,0.6,logistic,l1_C=0.01,3,0.7142857142857143
butyrate_assembly_2021,4,0.6,logistic,l1_C=0.1,3,0.7412081128747796
butyrate_assembly_2021,4,0.6,logistic,l1_C=1,3,0.9183519205062032
butyrate_assembly_2021,4,0.6,ranking,C=0.01,3,0.9099243785492496
butyrate_assembly_2021,4,0.6,ranking,C=0.1,3,0.899134286288569
butyrate_assembly_2021,4,0.6,ranking,C=1,3,0.9093921619411814
butyrate_assembly_2021,4,0.6,boosting,depth=1_l2=1,3,0.9033575150912613
butyrate_assembly_2021,4,0.6,boosting,depth=2_l2=1,3,0.892670003619436
butyrate_assembly_2021,4,0.8,logistic,l2_C=0.01,3,0.8610816589141607
butyrate_assembly_2021,4,0.8,logistic,l2_C=0.1,3,0.8851200354454054
butyrate_assembly_2021,4,0.8,logistic,l2_C=1,3,0.8967064381731126
butyrate_assembly_2021,4,0.8,logistic,l1_C=0.01,3,0.7350088183421516
butyrate_assembly_2021,4,0.8,logistic,l1_C=0.1,3,0.7958717515013002
butyrate_assembly_2021,4,0.8,logistic,l1_C=1,3,0.9072243739450802
butyrate_assembly_2021,4,0.8,ranking,C=0.01,3,0.8962579648098794
butyrate_assembly_2021,4,0.8,ranking,C=0.1,3,0.8966247958250593
butyrate_assembly_2021,4,0.8,ranking,C=1,3,0.8833382614476623
butyrate_assembly_2021,4,0.8,boosting,depth=1_l2=1,3,0.8919789396058105
butyrate_assembly_2021,4,0.8,boosting,depth=2_l2=1,3,0.8613946457842788
butyrate_assembly_2021,5,0.2,logistic,l2_C=0.01,3,0.7456349206349205
butyrate_assembly_2021,5,0.2,logistic,l2_C=0.1,3,0.768968253968254
butyrate_assembly_2021,5,0.2,logistic,l2_C=1,3,0.7819047619047618
butyrate_assembly_2021,5,0.2,logistic,l1_C=0.01,3,0.7619047619047619
butyrate_assembly_2021,5,0.2,logistic,l1_C=0.1,3,0.7619047619047619
butyrate_assembly_2021,5,0.2,logistic,l1_C=1,3,0.7580158730158729
butyrate_assembly_2021,5,0.2,ranking,C=0.01,3,0.768968253968254
butyrate_assembly_2021,5,0.2,ranking,C=0.1,3,0.8073015873015873
butyrate_assembly_2021,5,0.2,ranking,C=1,3,0.7898412698412698
butyrate_assembly_2021,5,0.2,boosting,depth=1_l2=1,3,0.7369047619047618
butyrate_assembly_2021,5,0.2,boosting,depth=2_l2=1,3,0.7369047619047618
butyrate_assembly_2021,5,0.4,logistic,l2_C=0.01,3,0.882331944150126
butyrate_assembly_2021,5,0.4,logistic,l2_C=0.1,3,0.8983214008214008
butyrate_assembly_2021,5,0.4,logistic,l2_C=1,3,0.893998038998039
butyrate_assembly_2021,5,0.4,logistic,l1_C=0.01,3,0.7380952380952381
butyrate_assembly_2021,5,0.4,logistic,l1_C=0.1,3,0.7843614718614718
butyrate_assembly_2021,5,0.4,logistic,l1_C=1,3,0.9057053132053131
butyrate_assembly_2021,5,0.4,ranking,C=0.01,3,0.8956229881229881
butyrate_assembly_2021,5,0.4,ranking,C=0.1,3,0.8946461871461869
butyrate_assembly_2021,5,0.4,ranking,C=1,3,0.869612517112517
butyrate_assembly_2021,5,0.4,boosting,depth=1_l2=1,3,0.9185655253837073
butyrate_assembly_2021,5,0.4,boosting,depth=2_l2=1,3,0.9075494875494877
butyrate_assembly_2021,5,0.6,logistic,l2_C=0.01,3,0.9005943971939843
butyrate_assembly_2021,5,0.6,logistic,l2_C=0.1,3,0.9157627830641246
butyrate_assembly_2021,5,0.6,logistic,l2_C=1,3,0.926225825831089
butyrate_assembly_2021,5,0.6,logistic,l1_C=0.01,3,0.7142857142857143
butyrate_assembly_2021,5,0.6,logistic,l1_C=0.1,3,0.808236331569665
butyrate_assembly_2021,5,0.6,logistic,l1_C=1,3,0.9170080888037543
butyrate_assembly_2021,5,0.6,ranking,C=0.01,3,0.9201075124088539
butyrate_assembly_2021,5,0.6,ranking,C=0.1,3,0.9276910272962905
butyrate_assembly_2021,5,0.6,ranking,C=1,3,0.9222859295846911
butyrate_assembly_2021,5,0.6,boosting,depth=1_l2=1,3,0.894542257039677
butyrate_assembly_2021,5,0.6,boosting,depth=2_l2=1,3,0.8961195306241745
butyrate_assembly_2021,5,0.8,logistic,l2_C=0.01,3,0.8341087534887895
butyrate_assembly_2021,5,0.8,logistic,l2_C=0.1,3,0.8574828061567249
butyrate_assembly_2021,5,0.8,logistic,l2_C=1,3,0.8768041155322363
butyrate_assembly_2021,5,0.8,logistic,l1_C=0.01,3,0.7261904761904763
butyrate_assembly_2021,5,0.8,logistic,l1_C=0.1,3,0.7695594083373805
butyrate_assembly_2021,5,0.8,logistic,l1_C=1,3,0.8844035937597289
butyrate_assembly_2021,5,0.8,ranking,C=0.01,3,0.8719581315771304
butyrate_assembly_2021,5,0.8,ranking,C=0.1,3,0.8879753415609185
butyrate_assembly_2021,5,0.8,ranking,C=1,3,0.8807533447027628
butyrate_assembly_2021,5,0.8,boosting,depth=1_l2=1,3,0.8996899693061974
butyrate_assembly_2021,5,0.8,boosting,depth=2_l2=1,3,0.8665242449199586
carlstrom_phyllosphere_2019,1,0.2,logistic,l2_C=0.01,3,0.3360967711159008
carlstrom_phyllosphere_2019,1,0.2,logistic,l2_C=0.1,3,0.3551451279903111
carlstrom_phyllosphere_2019,1,0.2,logistic,l2_C=1,3,0.3434401849404669
carlstrom_phyllosphere_2019,1,0.2,logistic,l1_C=0.01,3,0.15151515151515152
carlstrom_phyllosphere_2019,1,0.2,logistic,l1_C=0.1,3,0.3213323201695265
carlstrom_phyllosphere_2019,1,0.2,logistic,l1_C=1,3,0.3465443179985505
carlstrom_phyllosphere_2019,1,0.2,ranking,C=0.01,3,0.33538952410515677
carlstrom_phyllosphere_2019,1,0.2,ranking,C=0.1,3,0.3303727474730582
carlstrom_phyllosphere_2019,1,0.2,ranking,C=1,3,0.35453178984054223
carlstrom_phyllosphere_2019,1,0.2,boosting,depth=1_l2=1,3,0.2758165762478913
carlstrom_phyllosphere_2019,1,0.2,boosting,depth=2_l2=1,3,0.25478716039564403
carlstrom_phyllosphere_2019,1,0.4,logistic,l2_C=0.01,3,0.2722959003021621
carlstrom_phyllosphere_2019,1,0.4,logistic,l2_C=0.1,3,0.29496015269531245
carlstrom_phyllosphere_2019,1,0.4,logistic,l2_C=1,3,0.28042527879552304
carlstrom_phyllosphere_2019,1,0.4,logistic,l1_C=0.01,3,0.13383838383838384
carlstrom_phyllosphere_2019,1,0.4,logistic,l1_C=0.1,3,0.34891660455368445
carlstrom_phyllosphere_2019,1,0.4,logistic,l1_C=1,3,0.27999932374144043
carlstrom_phyllosphere_2019,1,0.4,ranking,C=0.01,3,0.2805360710862625
carlstrom_phyllosphere_2019,1,0.4,ranking,C=0.1,3,0.267741778465646
carlstrom_phyllosphere_2019,1,0.4,ranking,C=1,3,0.26253394929114776
carlstrom_phyllosphere_2019,1,0.4,boosting,depth=1_l2=1,3,0.30318370695567004
carlstrom_phyllosphere_2019,1,0.4,boosting,depth=2_l2=1,3,0.34126186931156494
carlstrom_phyllosphere_2019,1,0.6,logistic,l2_C=0.01,3,0.31584860156176015
carlstrom_phyllosphere_2019,1,0.6,logistic,l2_C=0.1,3,0.3147035566993133
carlstrom_phyllosphere_2019,1,0.6,logistic,l2_C=1,3,0.30021234958801385
carlstrom_phyllosphere_2019,1,0.6,logistic,l1_C=0.01,3,0.13131313131313133
carlstrom_phyllosphere_2019,1,0.6,logistic,l1_C=0.1,3,0.3092994505901879
carlstrom_phyllosphere_2019,1,0.6,logistic,l1_C=1,3,0.29710051781770824
carlstrom_phyllosphere_2019,1,0.6,ranking,C=0.01,3,0.3053625478549165
carlstrom_phyllosphere_2019,1,0.6,ranking,C=0.1,3,0.3071951152341624
carlstrom_phyllosphere_2019,1,0.6,ranking,C=1,3,0.30634067989119435
carlstrom_phyllosphere_2019,1,0.6,boosting,depth=1_l2=1,3,0.25492084053382263
carlstrom_phyllosphere_2019,1,0.6,boosting,depth=2_l2=1,3,0.2666441554190715
carlstrom_phyllosphere_2019,1,0.8,logistic,l2_C=0.01,3,0.23364979846564307
carlstrom_phyllosphere_2019,1,0.8,logistic,l2_C=0.1,3,0.2484805139117957
carlstrom_phyllosphere_2019,1,0.8,logistic,l2_C=1,3,0.25598375885782415
carlstrom_phyllosphere_2019,1,0.8,logistic,l1_C=0.01,3,0.12389100126742712
carlstrom_phyllosphere_2019,1,0.8,logistic,l1_C=0.1,3,0.268392942984363
carlstrom_phyllosphere_2019,1,0.8,logistic,l1_C=1,3,0.2526161820915873
carlstrom_phyllosphere_2019,1,0.8,ranking,C=0.01,3,0.2526334356270734
carlstrom_phyllosphere_2019,1,0.8,ranking,C=0.1,3,0.2612841056272692
carlstrom_phyllosphere_2019,1,0.8,ranking,C=1,3,0.2597167379415956
carlstrom_phyllosphere_2019,1,0.8,boosting,depth=1_l2=1,3,0.24101863217980254
carlstrom_phyllosphere_2019,1,0.8,boosting,depth=2_l2=1,3,0.2413617646385786
carlstrom_phyllosphere_2019,2,0.2,logistic,l2_C=0.01,3,0.1979334239800874
carlstrom_phyllosphere_2019,2,0.2,logistic,l2_C=0.1,3,0.1834083964418748
carlstrom_phyllosphere_2019,2,0.2,logistic,l2_C=1,3,0.17140573204582651
carlstrom_phyllosphere_2019,2,0.2,logistic,l1_C=0.01,3,0.12121212121212122
carlstrom_phyllosphere_2019,2,0.2,logistic,l1_C=0.1,3,0.2163054154047412
carlstrom_phyllosphere_2019,2,0.2,logistic,l1_C=1,3,0.17636753732943755
carlstrom_phyllosphere_2019,2,0.2,ranking,C=0.01,3,0.1739939264458333
carlstrom_phyllosphere_2019,2,0.2,ranking,C=0.1,3,0.16726302594709988
carlstrom_phyllosphere_2019,2,0.2,ranking,C=1,3,0.16525212541704867
carlstrom_phyllosphere_2019,2,0.2,boosting,depth=1_l2=1,3,0.18247366071676
carlstrom_phyllosphere_2019,2,0.2,boosting,depth=2_l2=1,3,0.19040005101061577
carlstrom_phyllosphere_2019,2,0.4,logistic,l2_C=0.01,3,0.2998549283061716
carlstrom_phyllosphere_2019,2,0.4,logistic,l2_C=0.1,3,0.2876819376381268
carlstrom_phyllosphere_2019,2,0.4,logistic,l2_C=1,3,0.271639601017785
carlstrom_phyllosphere_2019,2,0.4,logistic,l1_C=0.01,3,0.13636363636363635
carlstrom_phyllosphere_2019,2,0.4,logistic,l1_C=0.1,3,0.3262507631418454
carlstrom_phyllosphere_2019,2,0.4,logistic,l1_C=1,3,0.27088304001252
carlstrom_phyllosphere_2019,2,0.4,ranking,C=0.01,3,0.2705293109087912
carlstrom_phyllosphere_2019,2,0.4,ranking,C=0.1,3,0.2889928783752216
carlstrom_phyllosphere_2019,2,0.4,ranking,C=1,3,0.2866006720045537
carlstrom_phyllosphere_2019,2,0.4,boosting,depth=1_l2=1,3,0.2571624337851287
carlstrom_phyllosphere_2019,2,0.4,boosting,depth=2_l2=1,3,0.2594359018780134
carlstrom_phyllosphere_2019,2,0.6,logistic,l2_C=0.01,3,0.27227195270939686
carlstrom_phyllosphere_2019,2,0.6,logistic,l2_C=0.1,3,0.2671485640422124
carlstrom_phyllosphere_2019,2,0.6,logistic,l2_C=1,3,0.24933559364812555
carlstrom_phyllosphere_2019,2,0.6,logistic,l1_C=0.01,3,0.12457912457912458
carlstrom_phyllosphere_2019,2,0.6,logistic,l1_C=0.1,3,0.2904181808642586
carlstrom_phyllosphere_2019,2,0.6,logistic,l1_C=1,3,0.2566672408455944
carlstrom_phyllosphere_2019,2,0.6,ranking,C=0.01,3,0.24766425594379302
carlstrom_phyllosphere_2019,2,0.6,ranking,C=0.1,3,0.2372640527100145
carlstrom_phyllosphere_2019,2,0.6,ranking,C=1,3,0.23107330089526004
carlstrom_phyllosphere_2019,2,0.6,boosting,depth=1_l2=1,3,0.23541152418270714
carlstrom_phyllosphere_2019,2,0.6,boosting,depth=2_l2=1,3,0.23398867814914417
carlstrom_phyllosphere_2019,2,0.8,logistic,l2_C=0.01,3,0.2863959656200034
carlstrom_phyllosphere_2019,2,0.8,logistic,l2_C=0.1,3,0.26259153100574983
carlstrom_phyllosphere_2019,2,0.8,logistic,l2_C=1,3,0.2417424458250368
carlstrom_phyllosphere_2019,2,0.8,logistic,l1_C=0.01,3,0.12389100126742712
carlstrom_phyllosphere_2019,2,0.8,logistic,l1_C=0.1,3,0.29268827561295524
carlstrom_phyllosphere_2019,2,0.8,logistic,l1_C=1,3,0.23778595894027932
carlstrom_phyllosphere_2019,2,0.8,ranking,C=0.01,3,0.2432339475972085
carlstrom_phyllosphere_2019,2,0.8,ranking,C=0.1,3,0.237717398091612
carlstrom_phyllosphere_2019,2,0.8,ranking,C=1,3,0.2431401311033695
carlstrom_phyllosphere_2019,2,0.8,boosting,depth=1_l2=1,3,0.21484849906226164
carlstrom_phyllosphere_2019,2,0.8,boosting,depth=2_l2=1,3,0.2182209381167839
carlstrom_phyllosphere_2019,3,0.2,logistic,l2_C=0.01,3,0.2228660802350757
carlstrom_phyllosphere_2019,3,0.2,logistic,l2_C=0.1,3,0.21962281839846942
carlstrom_phyllosphere_2019,3,0.2,logistic,l2_C=1,3,0.20043095228805896
carlstrom_phyllosphere_2019,3,0.2,logistic,l1_C=0.01,3,0.12626262626262627
carlstrom_phyllosphere_2019,3,0.2,logistic,l1_C=0.1,3,0.2637521161863625
carlstrom_phyllosphere_2019,3,0.2,logistic,l1_C=1,3,0.216266623737962
carlstrom_phyllosphere_2019,3,0.2,ranking,C=0.01,3,0.1968818941879262
carlstrom_phyllosphere_2019,3,0.2,ranking,C=0.1,3,0.19677582388772433
carlstrom_phyllosphere_2019,3,0.2,ranking,C=1,3,0.2092109118573222
carlstrom_phyllosphere_2019,3,0.2,boosting,depth=1_l2=1,3,0.2135877164030299
carlstrom_phyllosphere_2019,3,0.2,boosting,depth=2_l2=1,3,0.170537020508023
carlstrom_phyllosphere_2019,3,0.4,logistic,l2_C=0.01,3,0.2601577323700353
carlstrom_phyllosphere_2019,3,0.4,logistic,l2_C=0.1,3,0.27992814146338757
carlstrom_phyllosphere_2019,3,0.4,logistic,l2_C=1,3,0.26713227499421244
carlstrom_phyllosphere_2019,3,0.4,logistic,l1_C=0.01,3,0.11616161616161617
carlstrom_phyllosphere_2019,3,0.4,logistic,l1_C=0.1,3,0.2615081961322361
carlstrom_phyllosphere_2019,3,0.4,logistic,l1_C=1,3,0.2663492190349191
carlstrom_phyllosphere_2019,3,0.4,ranking,C=0.01,3,0.26751120996591277
carlstrom_phyllosphere_2019,3,0.4,ranking,C=0.1,3,0.2867702899356995
carlstrom_phyllosphere_2019,3,0.4,ranking,C=1,3,0.2827248394901834
carlstrom_phyllosphere_2019,3,0.4,boosting,depth=1_l2=1,3,0.22715266804671727
carlstrom_phyllosphere_2019,3,0.4,boosting,depth=2_l2=1,3,0.19774191898606985
carlstrom_phyllosphere_2019,3,0.6,logistic,l2_C=0.01,3,0.2095341608309462
carlstrom_phyllosphere_2019,3,0.6,logistic,l2_C=0.1,3,0.2350620042972379
carlstrom_phyllosphere_2019,3,0.6,logistic,l2_C=1,3,0.22601629095775336
carlstrom_phyllosphere_2019,3,0.6,logistic,l1_C=0.01,3,0.1228956228956229
carlstrom_phyllosphere_2019,3,0.6,logistic,l1_C=0.1,3,0.24771001876509788
carlstrom_phyllosphere_2019,3,0.6,logistic,l1_C=1,3,0.2229069220066022
carlstrom_phyllosphere_2019,3,0.6,ranking,C=0.01,3,0.22491957181667407
carlstrom_phyllosphere_2019,3,0.6,ranking,C=0.1,3,0.21457298850808734
carlstrom_phyllosphere_2019,3,0.6,ranking,C=1,3,0.21253631076509952
carlstrom_phyllosphere_2019,3,0.6,boosting,depth=1_l2=1,3,0.21202981577134905
carlstrom_phyllosphere_2019,3,0.6,boosting,depth=2_l2=1,3,0.21593835326780594
carlstrom_phyllosphere_2019,3,0.8,logistic,l2_C=0.01,3,0.2699987990856427
carlstrom_phyllosphere_2019,3,0.8,logistic,l2_C=0.1,3,0.2623685204019675
carlstrom_phyllosphere_2019,3,0.8,logistic,l2_C=1,3,0.2508306132267332
carlstrom_phyllosphere_2019,3,0.8,logistic,l1_C=0.01,3,0.12389100126742712
carlstrom_phyllosphere_2019,3,0.8,logistic,l1_C=0.1,3,0.27081960227394397
carlstrom_phyllosphere_2019,3,0.8,logistic,l1_C=1,3,0.2523685282975241
carlstrom_phyllosphere_2019,3,0.8,ranking,C=0.01,3,0.25438512236573013
carlstrom_phyllosphere_2019,3,0.8,ranking,C=0.1,3,0.26217185576473856
carlstrom_phyllosphere_2019,3,0.8,ranking,C=1,3,0.2604692026773002
carlstrom_phyllosphere_2019,3,0.8,boosting,depth=1_l2=1,3,0.2352733028557139
carlstrom_phyllosphere_2019,3,0.8,boosting,depth=2_l2=1,3,0.2199512060057968
carlstrom_phyllosphere_2019,4,0.2,logistic,l2_C=0.01,3,0.2945413906527191
carlstrom_phyllosphere_2019,4,0.2,logistic,l2_C=0.1,3,0.3055504207694218
carlstrom_phyllosphere_2019,4,0.2,logistic,l2_C=1,3,0.30736190294804994
carlstrom_phyllosphere_2019,4,0.2,logistic,l1_C=0.01,3,0.15656565656565657
carlstrom_phyllosphere_2019,4,0.2,logistic,l1_C=0.1,3,0.2879984469742242
carlstrom_phyllosphere_2019,4,0.2,logistic,l1_C=1,3,0.29801687802378984
carlstrom_phyllosphere_2019,4,0.2,ranking,C=0.01,3,0.30355736814868806
carlstrom_phyllosphere_2019,4,0.2,ranking,C=0.1,3,0.2879340232127245
carlstrom_phyllosphere_2019,4,0.2,ranking,C=1,3,0.28583312931911053
carlstrom_phyllosphere_2019,4,0.2,boosting,depth=1_l2=1,3,0.2836687043761636
carlstrom_phyllosphere_2019,4,0.2,boosting,depth=2_l2=1,3,0.2914536332592237
carlstrom_phyllosphere_2019,4,0.4,logistic,l2_C=0.01,3,0.2929364234095752
carlstrom_phyllosphere_2019,4,0.4,logistic,l2_C=0.1,3,0.2927804526561446
carlstrom_phyllosphere_2019,4,0.4,logistic,l2_C=1,3,0.28367572302275507
carlstrom_phyllosphere_2019,4,0.4,logistic,l1_C=0.01,3,0.1464646464646465
carlstrom_phyllosphere_2019,4,0.4,logistic,l1_C=0.1,3,0.27740245185425855
carlstrom_phyllosphere_2019,4,0.4,logistic,l1_C=1,3,0.28749530239739707
carlstrom_phyllosphere_2019,4,0.4,ranking,C=0.01,3,0.2815571212368864
carlstrom_phyllosphere_2019,4,0.4,ranking,C=0.1,3,0.2784033199728639
carlstrom_phyllosphere_2019,4,0.4,ranking,C=1,3,0.2752153884958327
carlstrom_phyllosphere_2019,4,0.4,boosting,depth=1_l2=1,3,0.2667669564316333
carlstrom_phyllosphere_2019,4,0.4,boosting,depth=2_l2=1,3,0.3020544266110338
carlstrom_phyllosphere_2019,4,0.6,logistic,l2_C=0.01,3,0.27483909065065026
carlstrom_phyllosphere_2019,4,0.6,logistic,l2_C=0.1,3,0.26183452321174244
carlstrom_phyllosphere_2019,4,0.6,logistic,l2_C=1,3,0.2627898422811587
carlstrom_phyllosphere_2019,4,0.6,logistic,l1_C=0.01,3,0.13468013468013468
carlstrom_phyllosphere_2019,4,0.6,logistic,l1_C=0.1,3,0.2673810193097413
carlstrom_phyllosphere_2019,4,0.6,logistic,l1_C=1,3,0.2659616236426679
carlstrom_phyllosphere_2019,4,0.6,ranking,C=0.01,3,0.26266634308006687
carlstrom_phyllosphere_2019,4,0.6,ranking,C=0.1,3,0.26386498541857184
carlstrom_phyllosphere_2019,4,0.6,ranking,C=1,3,0.2580754957286425
carlstrom_phyllosphere_2019,4,0.6,boosting,depth=1_l2=1,3,0.25261212828594815
carlstrom_phyllosphere_2019,4,0.6,boosting,depth=2_l2=1,3,0.26914107198716625
carlstrom_phyllosphere_2019,4,0.8,logistic,l2_C=0.01,3,0.29488434257604124
carlstrom_phyllosphere_2019,4,0.8,logistic,l2_C=0.1,3,0.3054624881490853
carlstrom_phyllosphere_2019,4,0.8,logistic,l2_C=1,3,0.29612252577561105
carlstrom_phyllosphere_2019,4,0.8,logistic,l1_C=0.01,3,0.12515842839036753
carlstrom_phyllosphere_2019,4,0.8,logistic,l1_C=0.1,3,0.30727523782716215
carlstrom_phyllosphere_2019,4,0.8,logistic,l1_C=1,3,0.295762343333076
carlstrom_phyllosphere_2019,4,0.8,ranking,C=0.01,3,0.29764921142110623
carlstrom_phyllosphere_2019,4,0.8,ranking,C=0.1,3,0.29460226101040393
carlstrom_phyllosphere_2019,4,0.8,ranking,C=1,3,0.29582345656809944
carlstrom_phyllosphere_2019,4,0.8,boosting,depth=1_l2=1,3,0.21417808732615598
carlstrom_phyllosphere_2019,4,0.8,boosting,depth=2_l2=1,3,0.20454596907722425
carlstrom_phyllosphere_2019,5,0.2,logistic,l2_C=0.01,3,0.4741585711657104
carlstrom_phyllosphere_2019,5,0.2,logistic,l2_C=0.1,3,0.48181665098577536
carlstrom_phyllosphere_2019,5,0.2,logistic,l2_C=1,3,0.46848403295009594
carlstrom_phyllosphere_2019,5,0.2,logistic,l1_C=0.01,3,0.1717171717171717
carlstrom_phyllosphere_2019,5,0.2,logistic,l1_C=0.1,3,0.4063590683209453
carlstrom_phyllosphere_2019,5,0.2,logistic,l1_C=1,3,0.47984268877663355
carlstrom_phyllosphere_2019,5,0.2,ranking,C=0.01,3,0.4788510316836125
carlstrom_phyllosphere_2019,5,0.2,ranking,C=0.1,3,0.4583982256207932
carlstrom_phyllosphere_2019,5,0.2,ranking,C=1,3,0.48049600908340895
carlstrom_phyllosphere_2019,5,0.2,boosting,depth=1_l2=1,3,0.4381645735314508
carlstrom_phyllosphere_2019,5,0.2,boosting,depth=2_l2=1,3,0.3702181420412218
carlstrom_phyllosphere_2019,5,0.4,logistic,l2_C=0.01,3,0.2560779654580014
carlstrom_phyllosphere_2019,5,0.4,logistic,l2_C=0.1,3,0.3012151152288555
carlstrom_phyllosphere_2019,5,0.4,logistic,l2_C=1,3,0.3091576758049597
carlstrom_phyllosphere_2019,5,0.4,logistic,l1_C=0.01,3,0.12878787878787878
carlstrom_phyllosphere_2019,5,0.4,logistic,l1_C=0.1,3,0.2898716261472329
carlstrom_phyllosphere_2019,5,0.4,logistic,l1_C=1,3,0.31152337733805213
carlstrom_phyllosphere_2019,5,0.4,ranking,C=0.01,3,0.30494301760965
carlstrom_phyllosphere_2019,5,0.4,ranking,C=0.1,3,0.2998772791090701
carlstrom_phyllosphere_2019,5,0.4,ranking,C=1,3,0.2992820487992743
carlstrom_phyllosphere_2019,5,0.4,boosting,depth=1_l2=1,3,0.2893174286378729
carlstrom_phyllosphere_2019,5,0.4,boosting,depth=2_l2=1,3,0.30086757828835914
carlstrom_phyllosphere_2019,5,0.6,logistic,l2_C=0.01,3,0.26417299213031725
carlstrom_phyllosphere_2019,5,0.6,logistic,l2_C=0.1,3,0.26855674793607176
carlstrom_phyllosphere_2019,5,0.6,logistic,l2_C=1,3,0.27194746246309814
carlstrom_phyllosphere_2019,5,0.6,logistic,l1_C=0.01,3,0.12457912457912458
carlstrom_phyllosphere_2019,5,0.6,logistic,l1_C=0.1,3,0.26826957378262184
carlstrom_phyllosphere_2019,5,0.6,logistic,l1_C=1,3,0.2727106750153338
carlstrom_phyllosphere_2019,5,0.6,ranking,C=0.01,3,0.2742300185437951
carlstrom_phyllosphere_2019,5,0.6,ranking,C=0.1,3,0.28529724507196585
carlstrom_phyllosphere_2019,5,0.6,ranking,C=1,3,0.2962205741053687
carlstrom_phyllosphere_2019,5,0.6,boosting,depth=1_l2=1,3,0.2595162601054986
carlstrom_phyllosphere_2019,5,0.6,boosting,depth=2_l2=1,3,0.2739422161658009
carlstrom_phyllosphere_2019,5,0.8,logistic,l2_C=0.01,3,0.2431385781172104
carlstrom_phyllosphere_2019,5,0.8,logistic,l2_C=0.1,3,0.2741195871944173
carlstrom_phyllosphere_2019,5,0.8,logistic,l2_C=1,3,0.27234264490267357
carlstrom_phyllosphere_2019,5,0.8,logistic,l1_C=0.01,3,0.125
carlstrom_phyllosphere_2019,5,0.8,logistic,l1_C=0.1,3,0.2976042573340056
carlstrom_phyllosphere_2019,5,0.8,logistic,l1_C=1,3,0.2756244477368455
carlstrom_phyllosphere_2019,5,0.8,ranking,C=0.01,3,0.2755762828446759
carlstrom_phyllosphere_2019,5,0.8,ranking,C=0.1,3,0.2788725009462612
carlstrom_phyllosphere_2019,5,0.8,ranking,C=1,3,0.2730615770505556
carlstrom_phyllosphere_2019,5,0.8,boosting,depth=1_l2=1,3,0.2672542174716457
carlstrom_phyllosphere_2019,5,0.8,boosting,depth=2_l2=1,3,0.25928846325782107
friedman_microcosm_2017,1,0.6,logistic,l2_C=0.01,2,0.46965863997114
friedman_microcosm_2017,1,0.6,logistic,l2_C=0.1,2,0.4651131854256854
friedman_microcosm_2017,1,0.6,logistic,l2_C=1,2,0.47047032828282825
friedman_microcosm_2017,1,0.6,logistic,l1_C=0.01,2,0.5555555555555556
friedman_microcosm_2017,1,0.6,logistic,l1_C=0.1,2,0.5555555555555556
friedman_microcosm_2017,1,0.6,logistic,l1_C=1,2,0.461460588023088
friedman_microcosm_2017,1,0.6,ranking,C=0.01,2,0.46965863997113994
friedman_microcosm_2017,1,0.6,ranking,C=0.1,2,0.4756786616161616
friedman_microcosm_2017,1,0.6,ranking,C=1,2,0.4819286616161616
friedman_microcosm_2017,1,0.6,boosting,depth=1_l2=1,2,0.4564010642135642
friedman_microcosm_2017,1,0.6,boosting,depth=2_l2=1,2,0.4564010642135642
friedman_microcosm_2017,1,0.8,logistic,l2_C=0.01,2,0.6283153767528766
friedman_microcosm_2017,1,0.8,logistic,l2_C=0.1,2,0.6098389457764457
friedman_microcosm_2017,1,0.8,logistic,l2_C=1,2,0.6225073537573538
friedman_microcosm_2017,1,0.8,logistic,l1_C=0.01,2,0.5681818181818181
friedman_microcosm_2017,1,0.8,logistic,l1_C=0.1,2,0.5681818181818181
friedman_microcosm_2017,1,0.8,logistic,l1_C=1,2,0.6047107406482406
friedman_microcosm_2017,1,0.8,ranking,C=0.01,2,0.612111673049173
friedman_microcosm_2017,1,0.8,ranking,C=0.1,2,0.6266282328782329
friedman_microcosm_2017,1,0.8,ranking,C=1,2,0.5585740648240648
friedman_microcosm_2017,1,0.8,boosting,depth=1_l2=1,2,0.6972110065860065
friedman_microcosm_2017,1,0.8,boosting,depth=2_l2=1,2,0.7353851010101009
friedman_microcosm_2017,4,0.2,logistic,l2_C=0.01,2,0.29166666666666663
friedman_microcosm_2017,4,0.2,logistic,l2_C=0.1,2,0.29166666666666663
friedman_microcosm_2017,4,0.2,logistic,l2_C=1,2,0.29166666666666663
friedman_microcosm_2017,4,0.2,logistic,l1_C=0.01,2,0.3333333333333333
friedman_microcosm_2017,4,0.2,logistic,l1_C=0.1,2,0.3333333333333333
friedman_microcosm_2017,4,0.2,logistic,l1_C=1,2,0.29166666666666663
friedman_microcosm_2017,4,0.2,ranking,C=0.01,2,0.29166666666666663
friedman_microcosm_2017,4,0.2,ranking,C=0.1,2,0.29166666666666663
friedman_microcosm_2017,4,0.2,ranking,C=1,2,0.29166666666666663
friedman_microcosm_2017,4,0.2,boosting,depth=1_l2=1,2,0.3333333333333333
friedman_microcosm_2017,4,0.2,boosting,depth=2_l2=1,2,0.3333333333333333
friedman_microcosm_2017,4,0.4,logistic,l2_C=0.01,2,0.41857142857142854
friedman_microcosm_2017,4,0.4,logistic,l2_C=0.1,2,0.4096428571428571
friedman_microcosm_2017,4,0.4,logistic,l2_C=1,2,0.41797619047619045
friedman_microcosm_2017,4,0.4,logistic,l1_C=0.01,2,0.5
friedman_microcosm_2017,4,0.4,logistic,l1_C=0.1,2,0.5
friedman_microcosm_2017,4,0.4,logistic,l1_C=1,2,0.4275
friedman_microcosm_2017,4,0.4,ranking,C=0.01,2,0.4096428571428571
friedman_microcosm_2017,4,0.4,ranking,C=0.1,2,0.41797619047619045
friedman_microcosm_2017,4,0.4,ranking,C=1,2,0.42988095238095236
friedman_microcosm_2017,4,0.4,boosting,depth=1_l2=1,2,0.4394047619047619
friedman_microcosm_2017,4,0.4,boosting,depth=2_l2=1,2,0.4394047619047619
friedman_microcosm_2017,4,0.6,logistic,l2_C=0.01,2,0.4666666666666667
friedman_microcosm_2017,4,0.6,logistic,l2_C=0.1,2,0.47129629629629627
friedman_microcosm_2017,4,0.6,logistic,l2_C=1,2,0.4481481481481482
friedman_microcosm_2017,4,0.6,logistic,l1_C=0.01,2,0.53125
friedman_microcosm_2017,4,0.6,logistic,l1_C=0.1,2,0.53125
friedman_microcosm_2017,4,0.6,logistic,l1_C=1,2,0.5208333333333333
friedman_microcosm_2017,4,0.6,ranking,C=0.01,2,0.47129629629629627
friedman_microcosm_2017,4,0.6,ranking,C=0.1,2,0.4481481481481482
friedman_microcosm_2017,4,0.6,ranking,C=1,2,0.4456679894179894
friedman_microcosm_2017,4,0.6,boosting,depth=1_l2=1,2,0.4516203703703704
friedman_microcosm_2017,4,0.6,boosting,depth=2_l2=1,2,0.4665013227513228
friedman_microcosm_2017,4,0.8,logistic,l2_C=0.01,2,0.457224025974026
friedman_microcosm_2017,4,0.8,logistic,l2_C=0.1,2,0.45884740259740264
friedman_microcosm_2017,4,0.8,logistic,l2_C=1,2,0.4784632034632035
friedman_microcosm_2017,4,0.8,logistic,l1_C=0.01,2,0.5416666666666667
friedman_microcosm_2017,4,0.8,logistic,l1_C=0.1,2,0.5416666666666667
friedman_microcosm_2017,4,0.8,logistic,l1_C=1,2,0.48897907647907646
friedman_microcosm_2017,4,0.8,ranking,C=0.01,2,0.4726100288600289
friedman_microcosm_2017,4,0.8,ranking,C=0.1,2,0.4784632034632035
friedman_microcosm_2017,4,0.8,ranking,C=1,2,0.48035714285714287
friedman_microcosm_2017,4,0.8,boosting,depth=1_l2=1,2,0.4750921201814059
friedman_microcosm_2017,4,0.8,boosting,depth=2_l2=1,2,0.5052160636982066
friedman_microcosm_2017,5,0.8,logistic,l2_C=0.01,2,0.6602041621572872
friedman_microcosm_2017,5,0.8,logistic,l2_C=0.1,2,0.6660904055435305
friedman_microcosm_2017,5,0.8,logistic,l2_C=1,2,0.698115455146705
friedman_microcosm_2017,5,0.8,logistic,l1_C=0.01,2,0.606060606060606
friedman_microcosm_2017,5,0.8,logistic,l1_C=0.1,2,0.606060606060606
friedman_microcosm_2017,5,0.8,logistic,l1_C=1,2,0.632523523929774
friedman_microcosm_2017,5,0.8,ranking,C=0.01,2,0.6713235404641654
friedman_microcosm_2017,5,0.8,ranking,C=0.1,2,0.627455732924483
friedman_microcosm_2017,5,0.8,ranking,C=1,2,0.6244885612073112
friedman_microcosm_2017,5,0.8,boosting,depth=1_l2=1,2,0.579109172077922
friedman_microcosm_2017,5,0.8,boosting,depth=2_l2=1,2,0.6471929112554112
schafer_phyllosphere_2022,1,0.2,logistic,l2_C=0.01,3,0.2552055169917516
schafer_phyllosphere_2022,1,0.2,logistic,l2_C=0.1,3,0.21842255885897097
schafer_phyllosphere_2022,1,0.2,logistic,l2_C=1,3,0.1874052533580407
schafer_phyllosphere_2022,1,0.2,logistic,l1_C=0.01,3,0.03277680709247396
schafer_phyllosphere_2022,1,0.2,logistic,l1_C=0.1,3,0.25699971493598506
schafer_phyllosphere_2022,1,0.2,logistic,l1_C=1,3,0.14349020589071113
schafer_phyllosphere_2022,1,0.2,ranking,C=0.01,3,0.2196276871288009
schafer_phyllosphere_2022,1,0.2,ranking,C=0.1,3,0.19260505620687993
schafer_phyllosphere_2022,1,0.2,ranking,C=1,3,0.15128617822833806
schafer_phyllosphere_2022,1,0.2,boosting,depth=1_l2=1,3,0.15374185319976932
schafer_phyllosphere_2022,1,0.2,boosting,depth=2_l2=1,3,0.1315195110398331
schafer_phyllosphere_2022,1,0.4,logistic,l2_C=0.01,3,0.2923106280114323
schafer_phyllosphere_2022,1,0.4,logistic,l2_C=0.1,3,0.2584321850988518
schafer_phyllosphere_2022,1,0.4,logistic,l2_C=1,3,0.24286783967356707
schafer_phyllosphere_2022,1,0.4,logistic,l1_C=0.01,3,0.04492878351670987
schafer_phyllosphere_2022,1,0.4,logistic,l1_C=0.1,3,0.24346239592358757
schafer_phyllosphere_2022,1,0.4,logistic,l1_C=1,3,0.25717955469727344
schafer_phyllosphere_2022,1,0.4,ranking,C=0.01,3,0.2627418429222553
schafer_phyllosphere_2022,1,0.4,ranking,C=0.1,3,0.2414480466350671
schafer_phyllosphere_2022,1,0.4,ranking,C=1,3,0.24569635256075936
schafer_phyllosphere_2022,1,0.4,boosting,depth=1_l2=1,3,0.2026085492907923
schafer_phyllosphere_2022,1,0.4,boosting,depth=2_l2=1,3,0.19263281412016084
schafer_phyllosphere_2022,1,0.6,logistic,l2_C=0.01,3,0.2182327724413169
schafer_phyllosphere_2022,1,0.6,logistic,l2_C=0.1,3,0.2409667790287482
schafer_phyllosphere_2022,1,0.6,logistic,l2_C=1,3,0.2641269116064326
schafer_phyllosphere_2022,1,0.6,logistic,l1_C=0.01,3,0.1762072290886113
schafer_phyllosphere_2022,1,0.6,logistic,l1_C=0.1,3,0.2484217088202564
schafer_phyllosphere_2022,1,0.6,logistic,l1_C=1,3,0.29442711896106905
schafer_phyllosphere_2022,1,0.6,ranking,C=0.01,3,0.2874742383405678
schafer_phyllosphere_2022,1,0.6,ranking,C=0.1,3,0.3301909403929159
schafer_phyllosphere_2022,1,0.6,ranking,C=1,3,0.33826702781549617
schafer_phyllosphere_2022,1,0.6,boosting,depth=1_l2=1,3,0.2281325595664384
schafer_phyllosphere_2022,1,0.6,boosting,depth=2_l2=1,3,0.310089830610999
schafer_phyllosphere_2022,1,0.8,logistic,l2_C=0.01,3,0.2735080638049366
schafer_phyllosphere_2022,1,0.8,logistic,l2_C=0.1,3,0.27658754221223364
schafer_phyllosphere_2022,1,0.8,logistic,l2_C=1,3,0.33420970773448894
schafer_phyllosphere_2022,1,0.8,logistic,l1_C=0.01,3,0.19401953385668633
schafer_phyllosphere_2022,1,0.8,logistic,l1_C=0.1,3,0.31031842212271293
schafer_phyllosphere_2022,1,0.8,logistic,l1_C=1,3,0.36298932989091576
schafer_phyllosphere_2022,1,0.8,ranking,C=0.01,3,0.34609588221545806
schafer_phyllosphere_2022,1,0.8,ranking,C=0.1,3,0.37407947290356963
schafer_phyllosphere_2022,1,0.8,ranking,C=1,3,0.3544812228015459
schafer_phyllosphere_2022,1,0.8,boosting,depth=1_l2=1,3,0.43689457646567753
schafer_phyllosphere_2022,1,0.8,boosting,depth=2_l2=1,3,0.42680051493153187
schafer_phyllosphere_2022,2,0.2,logistic,l2_C=0.01,3,0.45539138281073765
schafer_phyllosphere_2022,2,0.2,logistic,l2_C=0.1,3,0.4636700336700337
schafer_phyllosphere_2022,2,0.2,logistic,l2_C=1,3,0.2892829900839054
schafer_phyllosphere_2022,2,0.2,logistic,l1_C=0.01,3,0.019672555490843204
schafer_phyllosphere_2022,2,0.2,logistic,l1_C=0.1,3,0.4554226475279107
schafer_phyllosphere_2022,2,0.2,logistic,l1_C=1,3,0.4065476190476191
schafer_phyllosphere_2022,2,0.2,ranking,C=0.01,3,0.4248737373737373
schafer_phyllosphere_2022,2,0.2,ranking,C=0.1,3,0.2927960927960928
schafer_phyllosphere_2022,2,0.2,ranking,C=1,3,0.40713046352144094
schafer_phyllosphere_2022,2,0.2,boosting,depth=1_l2=1,3,0.29781903919834957
schafer_phyllosphere_2022,2,0.2,boosting,depth=2_l2=1,3,0.2932692307692308
schafer_phyllosphere_2022,2,0.4,logistic,l2_C=0.01,3,0.4761541073305779
schafer_phyllosphere_2022,2,0.4,logistic,l2_C=0.1,3,0.46038938157359205
schafer_phyllosphere_2022,2,0.4,logistic,l2_C=1,3,0.37675646380909544
schafer_phyllosphere_2022,2,0.4,logistic,l1_C=0.01,3,0.3551484418218698
schafer_phyllosphere_2022,2,0.4,logistic,l1_C=0.1,3,0.48789576444535343
schafer_phyllosphere_2022,2,0.4,logistic,l1_C=1,3,0.4077240384136936
schafer_phyllosphere_2022,2,0.4,ranking,C=0.01,3,0.4528096903096903
schafer_phyllosphere_2022,2,0.4,ranking,C=0.1,3,0.4488888888888889
schafer_phyllosphere_2022,2,0.4,ranking,C=1,3,0.43011904323099764
schafer_phyllosphere_2022,2,0.4,boosting,depth=1_l2=1,3,0.37936372595946094
schafer_phyllosphere_2022,2,0.4,boosting,depth=2_l2=1,3,0.47121336996337
schafer_phyllosphere_2022,2,0.6,logistic,l2_C=0.01,3,0.4284566270197278
schafer_phyllosphere_2022,2,0.6,logistic,l2_C=0.1,3,0.45706671283551
schafer_phyllosphere_2022,2,0.6,logistic,l2_C=1,3,0.4366829645966774
schafer_phyllosphere_2022,2,0.6,logistic,l1_C=0.01,3,0.41699178975885576
schafer_phyllosphere_2022,2,0.6,logistic,l1_C=0.1,3,0.42301400656156857
schafer_phyllosphere_2022,2,0.6,logistic,l1_C=1,3,0.4486253401199181
schafer_phyllosphere_2022,2,0.6,ranking,C=0.01,3,0.4393849954804953
schafer_phyllosphere_2022,2,0.6,ranking,C=0.1,3,0.44570999411460877
schafer_phyllosphere_2022,2,0.6,ranking,C=1,3,0.4589027001445843
schafer_phyllosphere_2022,2,0.6,boosting,depth=1_l2=1,3,0.33067570431761184
schafer_phyllosphere_2022,2,0.6,boosting,depth=2_l2=1,3,0.4680320846287233
schafer_phyllosphere_2022,2,0.8,logistic,l2_C=0.01,3,0.3108124742004825
schafer_phyllosphere_2022,2,0.8,logistic,l2_C=0.1,3,0.3568056017758153
schafer_phyllosphere_2022,2,0.8,logistic,l2_C=1,3,0.38523131493723634
schafer_phyllosphere_2022,2,0.8,logistic,l1_C=0.01,3,0.2729365174629182
schafer_phyllosphere_2022,2,0.8,logistic,l1_C=0.1,3,0.35675622454040595
schafer_phyllosphere_2022,2,0.8,logistic,l1_C=1,3,0.3949877848231757
schafer_phyllosphere_2022,2,0.8,ranking,C=0.01,3,0.39142032677127325
schafer_phyllosphere_2022,2,0.8,ranking,C=0.1,3,0.4132624241528344
schafer_phyllosphere_2022,2,0.8,ranking,C=1,3,0.4300469504895726
schafer_phyllosphere_2022,2,0.8,boosting,depth=1_l2=1,3,0.3967554251163281
schafer_phyllosphere_2022,2,0.8,boosting,depth=2_l2=1,3,0.4164449909683701
schafer_phyllosphere_2022,3,0.2,logistic,l2_C=0.01,3,0.36001714118483213
schafer_phyllosphere_2022,3,0.2,logistic,l2_C=0.1,3,0.2829228243021346
schafer_phyllosphere_2022,3,0.2,logistic,l2_C=1,3,0.12657271806207973
schafer_phyllosphere_2022,3,0.2,logistic,l1_C=0.01,3,0.0686598071571863
schafer_phyllosphere_2022,3,0.2,logistic,l1_C=0.1,3,0.37285714285714283
schafer_phyllosphere_2022,3,0.2,logistic,l1_C=1,3,0.2369505494505494
schafer_phyllosphere_2022,3,0.2,ranking,C=0.01,3,0.2275985663082437
schafer_phyllosphere_2022,3,0.2,ranking,C=0.1,3,0.20978835978835977
schafer_phyllosphere_2022,3,0.2,ranking,C=1,3,0.12893879999143157
schafer_phyllosphere_2022,3,0.2,boosting,depth=1_l2=1,3,0.08033253842077372
schafer_phyllosphere_2022,3,0.2,boosting,depth=2_l2=1,3,0.08383866276907515
schafer_phyllosphere_2022,3,0.4,logistic,l2_C=0.01,3,0.41935255228753676
schafer_phyllosphere_2022,3,0.4,logistic,l2_C=0.1,3,0.47623161971225975
schafer_phyllosphere_2022,3,0.4,logistic,l2_C=1,3,0.45370167595657795
schafer_phyllosphere_2022,3,0.4,logistic,l1_C=0.01,3,0.17461511482375838
schafer_phyllosphere_2022,3,0.4,logistic,l1_C=0.1,3,0.45545664169837635
schafer_phyllosphere_2022,3,0.4,logistic,l1_C=1,3,0.4322244823007599
schafer_phyllosphere_2022,3,0.4,ranking,C=0.01,3,0.5149802536644642
schafer_phyllosphere_2022,3,0.4,ranking,C=0.1,3,0.44093355718355715
schafer_phyllosphere_2022,3,0.4,ranking,C=1,3,0.44733179101600157
schafer_phyllosphere_2022,3,0.4,boosting,depth=1_l2=1,3,0.2771891581065893
schafer_phyllosphere_2022,3,0.4,boosting,depth=2_l2=1,3,0.3566896788963619
schafer_phyllosphere_2022,3,0.6,logistic,l2_C=0.01,3,0.340375720456697
schafer_phyllosphere_2022,3,0.6,logistic,l2_C=0.1,3,0.34352716673106487
schafer_phyllosphere_2022,3,0.6,logistic,l2_C=1,3,0.35424618561865495
schafer_phyllosphere_2022,3,0.6,logistic,l1_C=0.01,3,0.21993563288299608
schafer_phyllosphere_2022,3,0.6,logistic,l1_C=0.1,3,0.37055280156508513
schafer_phyllosphere_2022,3,0.6,logistic,l1_C=1,3,0.39119059393900596
schafer_phyllosphere_2022,3,0.6,ranking,C=0.01,3,0.37369575157268525
schafer_phyllosphere_2022,3,0.6,ranking,C=0.1,3,0.3812231192627687
schafer_phyllosphere_2022,3,0.6,ranking,C=1,3,0.39324398099765423
schafer_phyllosphere_2022,3,0.6,boosting,depth=1_l2=1,3,0.39192243307948377
schafer_phyllosphere_2022,3,0.6,boosting,depth=2_l2=1,3,0.3653940022563355
schafer_phyllosphere_2022,3,0.8,logistic,l2_C=0.01,3,0.263207354632662
schafer_phyllosphere_2022,3,0.8,logistic,l2_C=0.1,3,0.2767592308743081
schafer_phyllosphere_2022,3,0.8,logistic,l2_C=1,3,0.2978780193496116
schafer_phyllosphere_2022,3,0.8,logistic,l1_C=0.01,3,0.2068251216057563
schafer_phyllosphere_2022,3,0.8,logistic,l1_C=0.1,3,0.30566852160890406
schafer_phyllosphere_2022,3,0.8,logistic,l1_C=1,3,0.3034667420225739
schafer_phyllosphere_2022,3,0.8,ranking,C=0.01,3,0.33011130412740447
schafer_phyllosphere_2022,3,0.8,ranking,C=0.1,3,0.3374909898664147
schafer_phyllosphere_2022,3,0.8,ranking,C=1,3,0.3716342544469781
schafer_phyllosphere_2022,3,0.8,boosting,depth=1_l2=1,3,0.33428637868074906
schafer_phyllosphere_2022,3,0.8,boosting,depth=2_l2=1,3,0.4024310399734244
schafer_phyllosphere_2022,4,0.2,logistic,l2_C=0.01,3,0.2993708452041785
schafer_phyllosphere_2022,4,0.2,logistic,l2_C=0.1,3,0.32537647537647535
schafer_phyllosphere_2022,4,0.2,logistic,l2_C=1,3,0.37735449735449733
schafer_phyllosphere_2022,4,0.2,logistic,l1_C=0.01,3,0.0295088332362648
schafer_phyllosphere_2022,4,0.2,logistic,l1_C=0.1,3,0.3196208385888468
schafer_phyllosphere_2022,4,0.2,logistic,l1_C=1,3,0.42791005291005285
schafer_phyllosphere_2022,4,0.2,ranking,C=0.01,3,0.34280008299616144
schafer_phyllosphere_2022,4,0.2,ranking,C=0.1,3,0.391092080222515
schafer_phyllosphere_2022,4,0.2,ranking,C=1,3,0.29632741985683164
schafer_phyllosphere_2022,4,0.2,boosting,depth=1_l2=1,3,0.27594966761633427
schafer_phyllosphere_2022,4,0.2,boosting,depth=2_l2=1,3,0.2894694649080614
schafer_phyllosphere_2022,4,0.4,logistic,l2_C=0.01,3,0.3321200269770064
schafer_phyllosphere_2022,4,0.4,logistic,l2_C=0.1,3,0.37088188532326366
schafer_phyllosphere_2022,4,0.4,logistic,l2_C=1,3,0.3991991813560441
schafer_phyllosphere_2022,4,0.4,logistic,l1_C=0.01,3,0.1779959646693927
schafer_phyllosphere_2022,4,0.4,logistic,l1_C=0.1,3,0.3669047928335854
schafer_phyllosphere_2022,4,0.4,logistic,l1_C=1,3,0.4492841852695622
schafer_phyllosphere_2022,4,0.4,ranking,C=0.01,3,0.4174580953347094
schafer_phyllosphere_2022,4,0.4,ranking,C=0.1,3,0.4310318222872936
schafer_phyllosphere_2022,4,0.4,ranking,C=1,3,0.4359676997720476
schafer_phyllosphere_2022,4,0.4,boosting,depth=1_l2=1,3,0.3957180387326507
schafer_phyllosphere_2022,4,0.4,boosting,depth=2_l2=1,3,0.5173393141945773
schafer_phyllosphere_2022,4,0.6,logistic,l2_C=0.01,3,0.34631529573756464
schafer_phyllosphere_2022,4,0.6,logistic,l2_C=0.1,3,0.3895119585111701
schafer_phyllosphere_2022,4,0.6,logistic,l2_C=1,3,0.47430307672378363
schafer_phyllosphere_2022,4,0.6,logistic,l1_C=0.01,3,0.27056975156663277
schafer_phyllosphere_2022,4,0.6,logistic,l1_C=0.1,3,0.39823993580357264
schafer_phyllosphere_2022,4,0.6,logistic,l1_C=1,3,0.4902674618358111
schafer_phyllosphere_2022,4,0.6,ranking,C=0.01,3,0.4412710530914911
schafer_phyllosphere_2022,4,0.6,ranking,C=0.1,3,0.46086422489406614
schafer_phyllosphere_2022,4,0.6,ranking,C=1,3,0.4515818469945477
schafer_phyllosphere_2022,4,0.6,boosting,depth=1_l2=1,3,0.4270469828439913
schafer_phyllosphere_2022,4,0.6,boosting,depth=2_l2=1,3,0.4462203834074119
schafer_phyllosphere_2022,4,0.8,logistic,l2_C=0.01,3,0.3767046751098404
schafer_phyllosphere_2022,4,0.8,logistic,l2_C=0.1,3,0.4491653787870627
schafer_phyllosphere_2022,4,0.8,logistic,l2_C=1,3,0.4696566676934821
schafer_phyllosphere_2022,4,0.8,logistic,l1_C=0.01,3,0.32115406210718717
schafer_phyllosphere_2022,4,0.8,logistic,l1_C=0.1,3,0.43913934412520583
schafer_phyllosphere_2022,4,0.8,logistic,l1_C=1,3,0.5145156223019973
schafer_phyllosphere_2022,4,0.8,ranking,C=0.01,3,0.48118325762509456
schafer_phyllosphere_2022,4,0.8,ranking,C=0.1,3,0.5183675119018436
schafer_phyllosphere_2022,4,0.8,ranking,C=1,3,0.5259338667190905
schafer_phyllosphere_2022,4,0.8,boosting,depth=1_l2=1,3,0.4173124954748892
schafer_phyllosphere_2022,4,0.8,boosting,depth=2_l2=1,3,0.45835585813358676
schafer_phyllosphere_2022,5,0.2,logistic,l2_C=0.01,3,0.35789371304077183
schafer_phyllosphere_2022,5,0.2,logistic,l2_C=0.1,3,0.38371050377691746
schafer_phyllosphere_2022,5,0.2,logistic,l2_C=1,3,0.40700096838027866
schafer_phyllosphere_2022,5,0.2,logistic,l1_C=0.01,3,0.03277680709247396
schafer_phyllosphere_2022,5,0.2,logistic,l1_C=0.1,3,0.5475310337810337
schafer_phyllosphere_2022,5,0.2,logistic,l1_C=1,3,0.4661658918752954
schafer_phyllosphere_2022,5,0.2,ranking,C=0.01,3,0.37521783249971247
schafer_phyllosphere_2022,5,0.2,ranking,C=0.1,3,0.39049495290630043
schafer_phyllosphere_2022,5,0.2,ranking,C=1,3,0.4058461968645844
schafer_phyllosphere_2022,5,0.2,boosting,depth=1_l2=1,3,0.5921296296296296
schafer_phyllosphere_2022,5,0.2,boosting,depth=2_l2=1,3,0.5291666666666667
schafer_phyllosphere_2022,5,0.4,logistic,l2_C=0.01,3,0.33491320811973696
schafer_phyllosphere_2022,5,0.4,logistic,l2_C=0.1,3,0.30725552147083507
schafer_phyllosphere_2022,5,0.4,logistic,l2_C=1,3,0.30920148871160874
schafer_phyllosphere_2022,5,0.4,logistic,l1_C=0.01,3,0.14366517789591318
schafer_phyllosphere_2022,5,0.4,logistic,l1_C=0.1,3,0.39073028842532326
schafer_phyllosphere_2022,5,0.4,logistic,l1_C=1,3,0.34274253251550285
schafer_phyllosphere_2022,5,0.4,ranking,C=0.01,3,0.3611854619840101
schafer_phyllosphere_2022,5,0.4,ranking,C=0.1,3,0.3329805786693697
schafer_phyllosphere_2022,5,0.4,ranking,C=1,3,0.3948232752947405
schafer_phyllosphere_2022,5,0.4,boosting,depth=1_l2=1,3,0.3294207154994618
schafer_phyllosphere_2022,5,0.4,boosting,depth=2_l2=1,3,0.2702427691600335
schafer_phyllosphere_2022,5,0.6,logistic,l2_C=0.01,3,0.29234797899536175
schafer_phyllosphere_2022,5,0.6,logistic,l2_C=0.1,3,0.34604040343627146
schafer_phyllosphere_2022,5,0.6,logistic,l2_C=1,3,0.3708651300506583
schafer_phyllosphere_2022,5,0.6,logistic,l1_C=0.01,3,0.20549235356841936
schafer_phyllosphere_2022,5,0.6,logistic,l1_C=0.1,3,0.33741520887716786
schafer_phyllosphere_2022,5,0.6,logistic,l1_C=1,3,0.39032473506681997
schafer_phyllosphere_2022,5,0.6,ranking,C=0.01,3,0.37797488559554643
schafer_phyllosphere_2022,5,0.6,ranking,C=0.1,3,0.3938366186078606
schafer_phyllosphere_2022,5,0.6,ranking,C=1,3,0.3811775769717303
schafer_phyllosphere_2022,5,0.6,boosting,depth=1_l2=1,3,0.38787197961817493
schafer_phyllosphere_2022,5,0.6,boosting,depth=2_l2=1,3,0.46070084549454365
schafer_phyllosphere_2022,5,0.8,logistic,l2_C=0.01,3,0.3492317316415378
schafer_phyllosphere_2022,5,0.8,logistic,l2_C=0.1,3,0.39478542561962954
schafer_phyllosphere_2022,5,0.8,logistic,l2_C=1,3,0.41563017579981265
schafer_phyllosphere_2022,5,0.8,logistic,l1_C=0.01,3,0.26092940122723135
schafer_phyllosphere_2022,5,0.8,logistic,l1_C=0.1,3,0.380766785511228
schafer_phyllosphere_2022,5,0.8,logistic,l1_C=1,3,0.4528405142187983
schafer_phyllosphere_2022,5,0.8,ranking,C=0.01,3,0.4251097339468925
schafer_phyllosphere_2022,5,0.8,ranking,C=0.1,3,0.4553391046909833
schafer_phyllosphere_2022,5,0.8,ranking,C=1,3,0.4727896448486786
schafer_phyllosphere_2022,5,0.8,boosting,depth=1_l2=1,3,0.3920244925892156
schafer_phyllosphere_2022,5,0.8,boosting,depth=2_l2=1,3,0.4280745359250228
